-- phpMyAdmin SQL Dump
-- version 4.9.0.1
-- https://www.phpmyadmin.net/
--
-- 主機： 35.201.170.2:3306
-- 產生時間： 
-- 伺服器版本： 5.7.14-google-log
-- PHP 版本： 7.1.30

SET SQL_MODE = "NO_AUTO_VALUE_ON_ZERO";
SET AUTOCOMMIT = 0;
START TRANSACTION;
SET time_zone = "+00:00";


/*!40101 SET @OLD_CHARACTER_SET_CLIENT=@@CHARACTER_SET_CLIENT */;
/*!40101 SET @OLD_CHARACTER_SET_RESULTS=@@CHARACTER_SET_RESULTS */;
/*!40101 SET @OLD_COLLATION_CONNECTION=@@COLLATION_CONNECTION */;
/*!40101 SET NAMES utf8mb4 */;

--
-- 資料庫： `baking_final`
--

-- --------------------------------------------------------

--
-- 資料表結構 `area`
--

CREATE TABLE `area` (
  `area_sid` int(11) NOT NULL COMMENT 'sid(PK)地區編號',
  `area_name` varchar(255) NOT NULL COMMENT '地區名稱'
) ENGINE=InnoDB DEFAULT CHARSET=utf8 COMMENT='地區表(area)';

--
-- 傾印資料表的資料 `area`
--

INSERT INTO `area` (`area_sid`, `area_name`) VALUES
(1, '基隆市'),
(2, '臺北市'),
(3, '新北市'),
(4, '桃園市'),
(5, '新竹市'),
(6, '新竹縣'),
(7, '宜蘭縣'),
(8, '苗栗縣'),
(9, '臺中市'),
(10, '彰化縣'),
(11, '南投縣'),
(12, '花蓮縣'),
(13, '雲林縣'),
(15, '嘉義縣'),
(16, '臺南市'),
(17, '高雄市'),
(18, '臺東縣'),
(19, '屏東縣');

-- --------------------------------------------------------

--
-- 資料表結構 `bake`
--

CREATE TABLE `bake` (
  `bake_sid` int(11) NOT NULL COMMENT 'sid(PK)推薦烘焙編號',
  `bake_name` varchar(255) NOT NULL DEFAULT '"' COMMENT '推薦烘焙名稱',
  `bake_engName` varchar(255) NOT NULL DEFAULT '"' COMMENT '烘焙英文名稱',
  `bake_image` text COMMENT '推薦烘焙圖片',
  `bake_detial` text COMMENT '烘焙內容',
  `bake_create` datetime NOT NULL DEFAULT CURRENT_TIMESTAMP COMMENT '烘焙創建時間'
) ENGINE=InnoDB DEFAULT CHARSET=utf8 COMMENT='推薦烘焙表(bake)				';

--
-- 傾印資料表的資料 `bake`
--

INSERT INTO `bake` (`bake_sid`, `bake_name`, `bake_engName`, `bake_image`, `bake_detial`, `bake_create`) VALUES
(1, '美式經典鬆餅', 'PANCAKE', 'abstract01.jpg', '家裡小孩最常指定的早餐就是美式鬆餅了，這款鬆餅很簡單，不用一早就在廚房大陣仗的分蛋，打蛋白，秤麵粉，也不用開車去麥當勞。只要有量杯就可在家輕鬆的做出美味鬆餅。小孩可以幫忙量麵粉，攪拌，甚至煎餅，是很好的親子活動。<br/><br/>食材：<br/>中筋麵粉 1杯<br/>泡打粉 2茶匙<br/>糖 1大匙<br/>奶油或植物油 1大匙<br/>蛋 1顆<br/>牛奶 1杯<br/>香草精 1茶匙<br/><br/>步驟：<br/>1.<br/>將所有乾料，麵粉，糖，泡打粉在鐵盆內先混合均勻，確認無小結塊。中間挖一井放入牛奶，融化的奶油/或植物油，蛋，香草精。先把液體材料打勻，接著與粉類混合，攪拌均勻。<br/>註:如果喜歡餅厚一點，牛奶可減3大匙。麵糊使用前靜置10-15分鐘，或以優格替代牛奶時，麵糊也會較濃稠，煎出來的餅較厚。<br/>2. <br/>加熱不沾鍋，放一湯杓麵糊至中間讓其自然攤開成圓。<br/>3. <br/>小火煎至底部金黃，上面冒很多泡泡，餅的邊緣那一圈沒有生麵糊。翻面煎另一面至熟即可鏟出。<br/>4. <br/>重複直至全部煎完。可放一小塊奶油在鬆餅上，淋上鬆餅糖漿，楓糖，蜂蜜，巧克力醬，或鮮奶油等等。<br/>5. <br/>美式鬆餅配方很多會另加小蘇打粉來增加鬆軟度。小蘇打粉需與酸性物質作用及去鹼味，所以有加小蘇打粉的配方通常會用butter milk代替牛奶，或用2大匙白醋(檸檬汁)代替2大匙牛奶。但我通常用優格代替一半甚至2/3的牛奶，這樣麵糊較濃稠，口感更柔軟。你也可以用任何酸性果汁，如柳橙做實驗。<br/>6. <br/>上圖這個餅額外加了1/3茶匙小蘇打粉，用2/3杯優格代替2/3杯牛奶。這樣做出來的餅更鬆厚輕軟，手邊如果有材料不妨試試看! <br/>但是小蘇打粉與酸作用後會立刻釋出氣體，所以麵糊應儘速用完。<br/>1茶匙小蘇打粉的效果相等於3茶匙的泡打粉。如果對澀味較敏感，加了小蘇打粉，可將配方中的泡打粉減1茶匙。<br/><br/>小撇步：<br/>1.美式鬆餅公式是1杯麵粉，1杯牛奶，1大匙油，1大匙糖，1顆蛋，1茶匙香草精，2茶匙泡打粉，很好記。<br/>2.牛奶以一杯做基礎，可隨你喜好的麵糊濃稠度，減3-4大匙都沒問題。可全部或部份替換成豆漿，果汁，優格，堅果奶等等。<br/>3.麵糊不可過度攪拌，以免產生筋性，有小顆粒沒關係。', '2019-11-25 16:20:50'),
(2, '法式馬卡龍', 'MACARON', 'abstract02.jpg', '馬卡龍是最具有法國式浪漫色彩的甜點，其名字「少女的酥胸」就已經讓人產生無限遐想。馬卡龍最初的配方追述到義大利文藝復興時期（Macaron來自義大利語，杏仁麵粉團）。馬卡龍製作雖然簡單但是失敗率極高，讓我們一起動手做做看這道從13世紀風靡全球甜點圈八百年的神級甜點。<br/><br/>食材：<br/>馬卡龍<br/>杏仁粉 120克<br/>蛋白(1) 50克<br/>細砂糖(1) 20克<br/>水 40克<br/>純糖粉 120克<br/>蛋白(2) 65克<br/>細砂糖(2) 160克<br/>食用色素(各色) 適量<br/>內餡<br/>苦甜巧克力 210克<br/>鮮奶油 140克<br/>水果泥 75克<br/><br/>步驟：<br/>1. <br/>杏仁粉、純糖粉先過篩2次，與蛋白(1)拌勻<br/>2. <br/>將細砂糖(2)加水，放入不沾鍋中，煮至118度<br/>3. <br/>作法2還在煮的時候，將蛋白(2)及細砂糖(1)打發至約5分發即可<br/>4. <br/>作法3倒入完成的作法2糖漿，邊倒邊打發，打發至手摸鋼盆感覺溫溫的(約40度)即可<br/>5. <br/>作法4取出160克，加入作法1中，用壓拌的方式拌勻<br/>6. <br/>作法5可再加入適量的紅色色膏調色，繼續用壓拌的方式拌至刮刀拿起，麵糊可以順的流下來<br/>7. <br/>放入擠花袋中，在烤盤上整齊擠出<br/>8. <br/>進烤箱前先將馬卡龍中的空氣敲出，多墊一個烤盤(即2個烤盤)，放進上下火180/150度的烤箱中，烤約7分鐘至看見已有裙邊，抽出下方烤盤，改上下火150/180續烤約7分鐘<br/>9. <br/>製做水果泥， 鮮奶油煮沸，加入巧克力中，可稍靜置一下再拌勻<br/>10. <br/>水果泥加熱煮沸後，再加入作法9中拌勻即完成。放入擠花袋中，冷藏備用<br/>11. <br/>完成的馬卡龍2片一組，夾入水果泥，就完成囉! <br/><br/>小撇步：<br/>1、此款馬卡龍需煮糖漿，完成後即入烤箱，不用等風乾。<br/>2、烤箱溫度及烤的時間請視各別烤箱及馬卡龍大小調整。<br/>3、烤好後要等完全涼才可以從烘焙紙上取出馬卡龍。<br/>4、我用馬卡龍專用矽膠墊，沒有可以自己在烘焙紙上畫圈，或找一約3~4公分的瓶蓋，沾一些馬卡龍麵糊，直接蓋在烘焙紙上。', '2019-11-25 16:20:50'),
(3, '巧克力布朗尼', 'BROWNIE', 'abstract03.jpg', '雖然布朗尼步驟技巧都比較簡單，不過事前作業都要做好，製作過程中斷，還是有失敗的可能性！烤模上奶油，再黏上烘培紙。<br/><br/>食材：<br/>苦甜巧克力(A) 150克<br/>苦甜巧克力(B) 60克<br/>雞蛋 3顆<br/>可可粉 15克<br/>無鹽奶油 130克<br/>白砂糖 80克<br/>低筋麵粉 70克<br/>香草精 1小匙<br/><br/>步驟：<br/>1. <br/>烤模塗上奶油，再放入裁剪好的烘培紙，低筋麵粉、可可粉混合過篩，苦甜巧克力（A）和無鹽奶油一起隔水融化（溫度不用太高，融化就好），預熱烤箱160度！<br/>2. <br/>將蛋放入碗中，用攪拌器打散，再加入砂糖，攪勻<br/>3. <br/>加入融化的巧克力和無鹽奶油攪勻<br/>4. <br/>再加入蜂蜜、香草精攪勻<br/>5. <br/>最後放入過篩過的粉類輕輕拌勻，布朗尼麵糊即完成<br/>6. <br/>放入方形模具中，灑上切丁的苦甜巧克力（B），再用筷子大概攪一攪麵糊，去除裡頭的氣泡<br/>7. <br/>放入烤箱，160度，20~25分鐘，筷子插入檢查麵糊是否沾黏，無沾黏即可<br/>8. <br/>拿出烤箱，放涼，冷藏後更好吃<br/><br/>小撇步：<br/>不同口味的巧克力，風味也有些不一樣', '2019-11-25 16:20:50'),
(4, '奶油檸檬塔', 'LEMON TART', 'abstract04.jpg', '檸檬奶油塔 可說是人氣甜點之一.....那酸甜滋味真令人難忘... <br/><br/>食材：<br/>塔皮<br/>麵粉 120克<br/>冰牛奶 20-25cc<br/>奶油 70克<br/>糖 10克<br/>檸檬皮屑 少許<br/>檸檬奶油餡<br/>雞蛋 1顆<br/>蛋黃 1顆<br/>檸檬汁 50cc<br/>檸檬皮屑 少許<br/>糖 80克<br/>玉米粉 2大匙<br/>奶油 30克<br/>動物性鮮奶油(打發) 適量<br/><br/>步驟：<br/>1. <br/>奶油(需先放室溫回軟)切小丁，用攪拌器打至乳霜狀.然後加入糖粉拌勻.雞蛋黃和檸檬皮屑加入拌勻，再將過篩的粉類(分2或3次加入)及牛奶使用括刀或按壓的方式成團狀(不要過度攪拌避免影響口感，牛奶部分依麵糰濕度邊揉邊適情況加) <br/>2. <br/>將塔皮仔細壓緊，用叉子在派皮上平均戳出一些小孔。取一張錫箔紙，包入一些小石頭(或紅豆等穀粒)，烘烤過程派皮才會平整<br/>3. <br/>放入預熱至180度c之烤箱烘烤10分鐘就將表面石頭及烤紙取出，再放入烤箱烘烤3-5分鐘至表面呈現金黃色即可<br/>4. <br/>將檸檬奶油餡材料(除奶油及動物性鮮奶油外)稍微攪拌均勻，入鍋中隔水加熱邊攪拌餡料，使其出現濃綢狀時加入奶油，待冷卻。<br/>5. <br/>打發鮮奶油，再將打好的鮮奶油(吃飯碗約半碗)拌入已冷卻的檸檬奶油餡，最後填入烤好的塔皮內，並在上面加點鮮奶油及檸檬皮做裝飾，即可<br/><br/>小撇步：<br/>本道甜點使用：直徑20㎝的圓形無底烤模1個份<br/>派塔麵團：多的麵團裝進夾鏈袋中，放入冷凍庫可保存3個月左右', '2019-11-25 16:20:50'),
(5, '抹茶千層蛋糕', 'CREPE CAKE', 'abstract05.jpg', '把最普通的法式可麗餅跟乳酪內餡一層一層推疊起來，就變成華麗的蛋糕了，不需要烤箱，零經驗零技巧的烘焙新手也能完成。<br/><br/>食材：<br/>可麗餅麵皮<br/>無鹽奶油 85克<br/>雞蛋 6顆<br/>細砂糖 105克<br/>有機抹茶粉 2-3大匙<br/>牛奶 720克<br/>中筋麵粉 180克<br/>鹽 1/8匙<br/>內餡(A)抹茶卡士<br/>達雞蛋 2顆<br/>玉米粉 2大匙<br/>牛奶 240克<br/>有機抹茶粉 3大匙<br/>中筋麵粉 2大匙<br/>砂糖 4-5大匙<br/>天然香草萃取 1小匙<br/>內餡(B)抹茶鮮奶油<br/>動物性鮮奶油 480ml<br/>有機抹茶粉 2大匙<br/>細砂糖 1大匙<br/><br/>步驟：<br/>餅皮<br/>1. <br/>融化無鹽奶油(或是可以製作臻果奶油：用小鍋子中火加熱奶油直到奶油澄清化且有焦糖臻果味可以離火放涼，要注意不要把奶油煮焦了) <br/>2. <br/>牛奶也加熱至微溫(切記！不要冰牛奶加熱奶油，他們會分離) <br/>3. <br/>拿一個乾淨的碗將乾性材料混和均勻<br/>4. <br/>分次加入雞蛋、稍微放涼的奶油以及溫牛奶攪拌均勻<br/>5. <br/>用保鮮膜覆蓋放置冰箱鬆弛至少兩小時，隔夜最佳<br/>6. <br/>煎餅皮前先將麵糊放置室溫回溫<br/>7. <br/>開中小火，平底鍋抹稍許奶油，用湯匙舀麵糊至鍋內，畫圓圈方式搖晃平底鍋將麵糊均勻地攤開<br/>8. <br/>餅皮邊緣微焦時可以翻面續煎20秒<br/>9. <br/>以上重複煎至沒有麵糊<br/>抹茶卡士達<br/>1. <br/>餅皮放涼時可以製作卡士達，建議將乾粉包含抹茶粉先過篩且用打蛋器混勻才不容易有抹茶結塊<br/>2. <br/>打入雞蛋到混和好的乾粉中攪拌均勻<br/>3. <br/>另外用一個小鍋子加熱牛奶至微溫(不要滾)，慢慢加入(2)的麵糊<br/>4. <br/>用篩網過濾(3)到剛剛加熱牛奶的小鍋子，中小火加熱，中間要持續攪拌不要<br/>5. <br/>用刮刀將鍋子底部的卡士達醬撈起攪拌，濃稠狀出現可以離火<br/>6. <br/>表面覆蓋包鮮膜以防結膜<br/>抹茶鮮奶油<br/>1. <br/>將鮮奶油加糖、抹茶粉隔冰水打至七分發 (不要打太發後續的內餡會比較柔軟順口) <br/>2.<br>鮮奶油與完全放涼的卡士達用刮刀混和均勻<br/>組裝<br/>1. <br/>一片餅皮抹上適當的抹茶內餡，重複這個步驟至到最後一片或是抵達你喜歡的高度即可<br/>2. <br/>完成品用保鮮膜覆蓋方至冰箱冷卻三小時<br/><br/>小撇步：<br/>1.使用直徑17~18公分的平底鍋<br/>2.偏好軟一點餅皮的口感，可以用低筋麵粉取代<br/>3.因為抹茶粉會拉筋整體內餡的甜度，所以糖量會比原為千層蛋糕來的多一些，建議可以在卡士達稠化前試吃看看甜度', '2019-11-25 16:20:50'),
(6, '焦糖烤布蕾', 'BRULEE', 'abstract06.jpg', '非常美味的法式甜點－烤布蕾/ 焦糖燉蛋Creme Brulee，上面是一層厚厚的焦糖，下面是香濃幼滑的燉蛋，超美味！這次加入伯爵茶，濃濃的紅茶香，實在難以抗拒！<br/><br/>食材：<br/>主體<br/>鮮奶 200克<br/>鮮奶油 100克<br/>細砂糖 70克<br/>雞蛋 3顆<br/>焦糖液<br/>細砂糖 50克<br/>水(1) 20克<br/>水(2) 20克<br/><br/>步驟：<br/>1. <br/>準備材料，烤箱預熱，上火170°/下火170°<br/>2. <br/>製作焦糖液：小火將糖＆水（1）煮至琥珀色 *加熱過程中不能攪拌哦！<br/>3. <br/>倒入水（2）煮至焦糖濃稠。倒水時糖漿溫度很高，要小心避免燙傷。<br/>4. <br/>滴幾滴焦糖液至水中，成水晶狀就可以倒入烤模囉，焦糖液完成！<br/>5. <br/>製作布丁液：將雞蛋打散備用<br/>6. <br/>鮮奶+鮮奶油+糖，煮至糖融解<br/>7. <br/>倒入步驟5的蛋液中拌勻成布丁液，再過篩2次，布丁液完成！<br/>8. <br/>將布丁液倒入烤模，放置烤盤中，烤盤加入溫熱水，水高至少要1公分以上，進烤箱拉！（約30～35分鐘）<br/>9. <br/>出爐放涼後，撒上一層糖，並用噴槍將糖烤至上色<br/>10. <br/>最後，放上薄荷葉，綿密細緻的法式焦糖烤布蕾就完成囉<br/><br/>小撇步：<br/>如果沒有鮮奶油，可以用鮮奶取代', '2019-11-25 16:20:50'),
(7, '優格司康', 'SCONE', 'abstract07.jpg', '以優格為基底的迷你版司康，烤完外酥內軟帶著優格的香味，一次一小顆，吃起來沒有罪惡感又有大大的滿足。簡易親民的食材，不需攪拌機，麵糰不用鬆弛，最適合新手的烘焙入門糕點。<br/><br/>食材：<br/>無鹽奶油 60克<br/>全麥麵粉 25克<br/>原味優格 70克<br/>白砂糖 40克<br/>雞蛋 1顆<br/>蔓越莓乾或葡萄乾 (可省) 50克<br/>低筋麵粉 225克<br/>泡打粉 8克<br/>鮮奶 30克<br/>鹽 4克<br/>蛋黃 1顆<br/>高筋麵粉(手粉) 適量<br/><br/>步驟：<br/>1. <br/>奶油切1公分小丁後先冷凍。 將低筋麵粉、全麥麵粉及泡打粉過篩放進料理盆，加入冷凍庫拿出的奶油丁，用手搓成沙狀。(以麵粉蓋住奶油丁，手不要直接碰到奶油。) <br/>2. <br/>將優格、鮮奶、糖、鹽及蛋混合打散，倒入盆中。 加入自己喜歡的乾果(亦可不加)，用軟刮刀以折疊的方式讓粉及液體成糰。(不要揉，以免出筋) <br/>3. <br/>將工作枱、擀麵棍上灑手粉，將麵糰自中取出置於枱上(剛混合優格/牛奶/蛋液後的麵糰會比較濕黏，多灑些手粉即可防沾)，以擀麵棍將麵糰擀平。 麵皮折3折再擀平，重覆至少3次。<br/>4. <br/>擀成2公分厚的麵皮，以直徑3公分的圓小模具切割成型，放入烤盤。 剩下的麵皮稍微折疊擀平再次切割。<br/>5. <br/>烤箱預熱200度C。 將蛋黃、白糖/鹽各一小撮(即1/8小匙，份量外)及10ml的開水混合成蛋黃液。 在司康麵團表面塗上蛋黃液，送入已預熱之烤箱，以200度C烤10-15分鐘表面金黃即可。<br/><br/>小撇步：<br/>由於是迷你版，用直徑3公分的圓形模具搭配2公分厚度的麵皮剛好(太厚的話烤出來會撐不住而歪腰)。視每個人的烤箱不同200度烤10-15分鐘表面金黃就可以。如果像我的烤箱有點烤溫不均，中間可以換邊烤。', '2019-11-25 16:20:50'),
(8, '經典可麗露', 'CANNELE', 'abstract08.jpg', '黑黑皺皺的外殼第一眼看起來不怎麼討喜，但一咬下去外層酥脆充滿焦糖的香氣，內餡濕潤柔軟又帶點Q彈，還伴隨著迷人的酒香，這就是法式經典甜點-可麗露！<br/><br/>食材：<br/>A組<br/>牛奶 400ml<br/>香草精 1小匙<br/>奶油 40克<br/>B組<br/>全蛋 2顆<br/>蛋黃 1顆<br/>C組<br/>高筋麵粉 85克<br/>糖粉 140克<br/>鹽 1小撮<br/>其他<br/>蘭姆酒 60ml<br/>奶油 少許(塗抹模具用) <br/><br/>步驟：<br/>1. <br/>材料秤重分組備齊<br/>2. <br/>將A組材料倒入鍋中加熱攪拌至80度左右（鍋邊冒小泡泡就可以關火囉！）然後等待放涼一下<br/>3. <br/>將B組材料倒進攪拌盆中均勻攪散<br/>4. <br/>將A組材料倒進B組鋼盆中攪拌均勻<br/>5. <br/>將C組材料過篩，避免結塊<br/>6. <br/>把攪拌後的AB組分三次加入C組，用打蛋器均勻攪拌（要拌到沒有顆粒結塊喔！）<br/>7. <br/>加入蘭姆酒後攪拌均勻<br/>8. <br/>將混合後的麵糊過篩三次<br/>9. <br/>將完成的麵糊用保鮮膜包起來放到冰箱冷藏一晚<br/>10. <br/>隔天準備開始烘烤囉，先將烤箱預熱10分鐘 上下火皆設定230度<br/>11. <br/>將前一晚製作完成的麵糊拿出來，攪拌並再次過篩<br/>12. <br/>將可麗露模具內側刷上奶油<br/>13. <br/>將麵糊倒入模具，每個約70g（可用量杯會比較好倒喔！）<br/>14. <br/>放入烤箱，烤15分鐘讓可麗露的麵糊結皮定型<br/>15. <br/>將溫度降至210度烘烤50-60分鐘<br/>16. <br/>如果麵糊持續膨脹的話，要拿出來一個個敲一敲，敲回模具中（要記得帶手套喔！很燙）有持膨脹的話，記得每十分鐘重複此動作<br/>17. <br/>觀察可麗露的顏色，烤至深咖啡色就可以出爐囉！<br/>18. <br/>出爐後將不沾模直接倒扣在烘乾架上放涼即可<br/>19. <br/>放涼後建議冰至冷凍庫，等到要吃的時候再拿下來退冰10-15分鐘就可以吃囉！<br/><br/>小撇步：<br/>小秘訣Ⅰ：將混合過後的麵糊過篩能讓可麗露的口感更加細緻！<br/>小秘訣Ⅱ：烘烤的過程中，需要將膨脹的可麗露拿出來敲一敲，把麵糊敲回去模具中！為的是讓烤出來的可麗露上色均勻，避免烤出白頭的可麗露喔！<br/>小秘訣Ⅲ：可麗露放涼後趕快冰到冷凍庫，可以讓可麗露的外殼保持酥脆喔！', '2019-11-25 16:20:50'),
(9, '慕斯蛋糕', 'MOUSSE', 'abstract09.jpg', '鏡面蛋糕就是在蛋糕表面做上鏡面,讓蛋糕看起來亮亮的(甚至可以反光微看到自己的影子，以莓果慕斯蛋糕為基底上面淋上自製的鏡面淋醬，大大提升了蛋糕的質感與美感!<br/><br/>食材：<br/>白巧克力 250克<br/>水(A) 125克<br/>水(B) 100克<br/>食用色素 適量<br/>糖 150克<br/>吉利丁 16克<br/>煉乳 160克<br/>鏡面果膠粉 50克<br/><br/>步驟：<br/>1. <br/>吉利丁+水(B)+鏡面果膠粉放一起拌勻<br/>2. <br/>煮滾水(A)+糖+煉乳<br/>3. <br/>煮滾後把步驟1的完成品加入 並且小火一邊攪拌直到全部溶解均勻<br/>4. <br/>另起一鍋隔水加熱融化白巧克力 小火(不超過60度) <br/>5. <br/>把融好巧克力跟液體拌勻 拿出1/5加入白色色膏拌勻 4/5加入主體顏色拌勻 放至30度~32度的時候才可以淋面<br/>6. <br/>底層顏色淋好後在上面稍微點綴一些白色 並且用抹刀小心的平平滑過去就可以產生漸層的效果<br/><br/>小撇步：<br/>1.慕斯蛋糕要完全冰到冷凍硬了才可以拿出來淋面,不然會融化<br/>2.鏡面醬一定要放到30~32度才可以淋上去,不然一樣會融化<br/>3.如果想要消除很醜的氣泡可以在做好鏡面醬的時候過濾一次,泡泡就會明顯變少了', '2019-11-25 16:20:50'),
(10, '堤拉米蘇', 'TIRAMISU', 'abstract10.jpg', '意大利傳統又浪漫的甜點－提拉米蘇，一層一層，香濃幼滑，超美味！做法超簡單，在家也可做出高貴甜點，新手不敗！正宗的 Tiramisu 是軟身像布甸，不是蛋糕來的喔！<br/><br/>食材：<br/>蛋白 3個<br/>蛋黃 3個<br/>馬斯卡朋起士 200克<br/>手指餅乾 300克<br/>Marsala 酒 適量<br/>糖 (打蛋白用) 40克<br/>糖 (打蛋黃用) 40克<br/>咖啡 1碗<br/>可可粉 適量<br/><br/>步驟：<br/>1. <br/>用電動打蛋器先打發蛋白，泡沫出現時下40克糖，繼續打發至末端堅挺 （把碗倒轉，蛋白霜不掉下就Ok) <br/>2. <br/>再用打蛋器打發蛋黃及糖，打至呈淡黃色及稠身，需時約五至八分鐘。再下馬斯卡朋起司和Marsala 酒，拌勻<br/>3. <br/>然後下蛋白霜，輕手拌勻<br/>4. <br/>將咖啡和Marsala 酒拌勻，手指餅乾沾上咖啡，把手指餅乾排好成第一層<br/>5. <br/>鋪一層“起司漿”，平均鋪好<br/>6. <br/>再鋪一層手指餅，再一層起司漿，放入冰箱冷藏最少三個小時<br/>7. <br/>享用前再灑上可可粉 (*不要灑可可粉，再放冰箱，因為會有濕氣）', '2019-11-25 16:20:50');

-- --------------------------------------------------------

--
-- 資料表結構 `bonus`
--

CREATE TABLE `bonus` (
  `bonus_sid` int(11) NOT NULL COMMENT '紅利流水號',
  `bonus_percentage` float NOT NULL DEFAULT '0' COMMENT '紅利百分比',
  `bonus_duration` date DEFAULT NULL COMMENT '紅利截止時間'
) ENGINE=InnoDB DEFAULT CHARSET=utf8 COMMENT='紅利計算';

--
-- 傾印資料表的資料 `bonus`
--

INSERT INTO `bonus` (`bonus_sid`, `bonus_percentage`, `bonus_duration`) VALUES
(1, 0.08, '2019-12-20'),
(2, 0.06, '2019-11-02'),
(5, 0.04, '2020-01-02');

-- --------------------------------------------------------

--
-- 資料表結構 `community`
--

CREATE TABLE `community` (
  `community_sid` int(11) NOT NULL COMMENT 'sid(PK)社群編號',
  `type_sid` int(11) NOT NULL COMMENT 'sid(PK)類型編號',
  `correspond_sid` int(11) NOT NULL COMMENT '各個對應的編號',
  `community_facebook` varchar(255) NOT NULL DEFAULT '"' COMMENT 'Facebook',
  `community_instagram` varchar(255) NOT NULL DEFAULT '"' COMMENT 'Instagram',
  `community_line` varchar(255) NOT NULL DEFAULT '"' COMMENT 'Line',
  `community_twitter` varchar(255) NOT NULL DEFAULT '"' COMMENT 'Twitter',
  `community_create` datetime NOT NULL DEFAULT CURRENT_TIMESTAMP COMMENT '創建時間(上傳更新時間)'
) ENGINE=InnoDB DEFAULT CHARSET=utf8 COMMENT='社群表(community)							';

--
-- 傾印資料表的資料 `community`
--

INSERT INTO `community` (`community_sid`, `type_sid`, `correspond_sid`, `community_facebook`, `community_instagram`, `community_line`, `community_twitter`, `community_create`) VALUES
(1, 3, 1, 'TT123FB', 'T123IG', 'T1323LINE', 'T123TWITTER', '2019-11-11 12:34:45'),
(2, 3, 2, '@osh3921g', '@osh3921g', '@osh3921g', '@osh3921g', '2019-11-11 15:38:50'),
(3, 3, 7, '@missj_bakingstudio', '@missjbakingstudio', '@missj_bakingstudio', '@missj_bakingstudio', '2019-11-28 04:15:18');

-- --------------------------------------------------------

--
-- 資料表結構 `coupon`
--

CREATE TABLE `coupon` (
  `coupon_sid` int(11) NOT NULL,
  `coupon_price` float DEFAULT NULL,
  `coupon_content` varchar(256) DEFAULT NULL,
  `coupon_numbers` int(11) DEFAULT NULL,
  `coupon_create_time` datetime NOT NULL DEFAULT CURRENT_TIMESTAMP
) ENGINE=InnoDB DEFAULT CHARSET=utf8;

--
-- 傾印資料表的資料 `coupon`
--

INSERT INTO `coupon` (`coupon_sid`, `coupon_price`, `coupon_content`, `coupon_numbers`, `coupon_create_time`) VALUES
(1, 95, '會員好禮', 1000, '2019-11-19 17:51:13'),
(2, 9, '不無小補', 1000, '2019-11-19 17:51:13'),
(3, 8, '年底大放送', 1000, '2019-11-19 17:51:13'),
(4, 85, '會員見面禮', 1000, '2019-11-19 17:51:13');

-- --------------------------------------------------------

--
-- 資料表結構 `course`
--

CREATE TABLE `course` (
  `course_sid` int(11) NOT NULL COMMENT '課程編號',
  `store_sid` int(11) NOT NULL COMMENT '店家編號',
  `course_name` varchar(255) NOT NULL DEFAULT '"' COMMENT '課程名稱',
  `course_price` int(11) NOT NULL DEFAULT '0' COMMENT '課程價格',
  `course_spend_time` varchar(255) NOT NULL DEFAULT '"' COMMENT '課程所需時間',
  `course_difficult` varchar(255) NOT NULL DEFAULT '"' COMMENT '課程難易度',
  `course_mark` varchar(255) NOT NULL DEFAULT '"' COMMENT '課程標示',
  `course_taste` varchar(255) NOT NULL DEFAULT '"' COMMENT '口味',
  `course_quantity` varchar(255) NOT NULL DEFAULT '"' COMMENT '數量',
  `course_size` varchar(255) DEFAULT '"' COMMENT '尺寸',
  `course_kid` varchar(255) NOT NULL DEFAULT '"' COMMENT '種類',
  `course_ingredient` varchar(255) NOT NULL DEFAULT '"' COMMENT '課程食材',
  `course_create` datetime NOT NULL DEFAULT CURRENT_TIMESTAMP COMMENT '新增課程時間'
) ENGINE=InnoDB DEFAULT CHARSET=utf8;

--
-- 傾印資料表的資料 `course`
--

INSERT INTO `course` (`course_sid`, `store_sid`, `course_name`, `course_price`, `course_spend_time`, `course_difficult`, `course_mark`, `course_taste`, `course_quantity`, `course_size`, `course_kid`, `course_ingredient`, `course_create`) VALUES
(1, 1, '木木甜心', 650, '3小時', '2顆星', '葷', '巧克力', '1個', '6吋', '蛋糕', '法國AOP認證依絲妮發酵奶油、巧克力、安田牧場雞蛋、美國進口牛奶、鹽巴、總統牌鮮奶油、日本昭和麵粉、吉利丁', '2019-11-01 11:35:00'),
(2, 1, '戀戀奶香芋泥千層', 550, '3小時', '2顆星', '蛋奶素', '其他', '1個', '8吋', '蛋糕', '安佳無鹽奶油、細砂糖、海藻糖、安田牧場雞蛋、美國進口牛奶、鹽巴、蘭姆酒、總統牌鮮奶油、日本昭和麵粉、嚴選芋頭', '2019-11-01 11:38:56'),
(3, 1, '抹茶泡芙', 550, '2小時', '2顆星', '蛋奶素', '抹茶', '6個', '\"', '點心', '安佳無鹽奶油、細砂糖、海藻糖、安田牧場雞蛋、美國進口牛奶、抹茶粉、總統牌鮮奶油、日本昭和麵粉', '2019-11-01 12:00:00'),
(4, 1, '抹茶千層蛋糕', 1400, '3小時', '2顆星', '蛋奶素', '抹茶', '1個', '6吋', '蛋糕', '安佳無鹽奶油、細砂糖、海藻糖、安田牧場雞蛋、美國進口牛奶、鹽巴、蘭姆酒，總統牌鮮奶油、日式丸久小山園抹茶粉、日本昭和麵粉', '2019-11-01 06:16:19'),
(5, 1, '黑糖桂圓千層', 1500, '3小時', '3顆星', '蛋奶素', '黑糖', '1個', '8吋', '蛋糕', '安佳無鹽奶油、細砂糖、海藻糖、安田牧場雞蛋、美國進口牛奶、鹽巴、黑糖、桂圓，總統牌鮮奶油、日本昭和麵粉', '2019-11-04 15:50:00'),
(6, 1, '黑白配千層', 1500, '3小時', '3顆星', '蛋奶素', '其他', '1個', '8吋', '蛋糕', '安佳無鹽奶油、細砂糖、海藻糖、安田牧場雞蛋、美國進口牛奶、鹽巴、黑芝麻，總統牌鮮奶油、日本昭和麵粉', '2019-11-05 15:50:00'),
(7, 1, '黑爵士千層蛋糕罐', 700, '2小時', '1顆星', '蛋奶素', '香草', '6個', '\"', '點心', '安佳無鹽奶油、細砂糖、海藻糖、安田牧場雞蛋、美國進口牛奶、鹽巴、香草卡士達醬、頂級鮮奶油，總統牌鮮奶油、日本昭和麵粉', '2019-11-06 15:50:00'),
(8, 1, '黑爵士', 1600, '3小時', '3顆星', '蛋奶素', '香草', '1個', '8吋', '蛋糕', '牛奶、香草、細砂糖、oreo卡士達、竹碳粉、奶油、日本昭和低粉', '2019-11-07 15:50:00'),
(9, 1, '髒髒泡芙', 550, '2小時', '1顆星', '蛋奶素', '巧克力', '6個', '\"', '點心', '牛奶、巧克力、細砂糖、oreo卡士達、核桃、竹碳粉、奶油、日本昭和低粉', '2019-11-08 15:50:00'),
(10, 1, '金沙起士千層', 1500, '3小時', '3顆星', '蛋奶素', '其他', '1個', '8吋', '蛋糕', '安佳奶油、鹹蛋黃、海藻糖、切達乳酪、安田牧場雞蛋、美國進口牛奶、鹽巴、高粱酒、總統牌鮮奶油、日本昭和麵粉、自製香濃起士醬\n', '2019-11-09 15:50:00'),
(11, 1, '金桔檸檬千層', 1500, '3小時', '3顆星', '蛋奶素', '檸檬', '1個', '8吋', '蛋糕', '安佳奶油、金桔、海藻糖、切達乳酪、安田牧場雞蛋、美國進口牛奶、鹽巴、高粱酒、總統牌鮮奶油、日本昭和麵粉、自製香濃起士醬、檸檬\n', '2019-11-10 15:50:00'),
(12, 1, '蜂蜜千層', 1500, '3小時', '3顆星', '蛋奶素', '蜂蜜', '1個', '8吋', '蛋糕', '法國AOP認證依絲妮發酵奶油、南投天然龍眼蜂蜜、海藻糖、安田牧場雞蛋、美國進口牛奶、鹽巴、總統牌鮮奶油、日本昭和麵粉', '2019-11-11 15:50:00'),
(13, 1, '蜂巢蛋糕', 700, '2小時', '2顆星', '蛋奶素', '蜂蜜', '1個', '8吋', '蛋糕', '法國AOP認證依絲妮發酵奶油、南投天然龍眼蜂蜜、海藻糖、安田牧場雞蛋、美國進口牛奶、鹽巴、總統牌鮮奶油、日本昭和麵粉', '2019-11-12 15:50:00'),
(14, 1, '藍莓生乳千層蛋糕', 1500, '3小時', '3顆星', '蛋奶素', '藍莓', '1個', '8吋', '蛋糕', '安佳無鹽奶油、細砂糖、海藻糖、安田牧場雞蛋、美國進口牛奶、鹽巴、蘭姆酒、總統牌鮮奶油、日本昭和麵粉、馬茲卡彭生乳、嚴選新鮮藍莓', '2019-11-13 15:50:00'),
(15, 1, '莓果布雷斯特泡芙', 550, '2小時', '1顆星', '蛋奶素', '草莓、覆盆子', '6個', '\"', '點心', '總統牌鮮奶油、香草卡士達、自製蔓越莓醬、草莓果露、珍珠糖、馬茲卡彭乳酪、嚴選新鮮覆盆子、藍莓', '2019-11-14 15:50:00'),
(16, 1, '磐石', 1500, '3小時', '3顆星', '蛋奶素', '其他', '1個', '8吋', '蛋糕', '法國總統牌鮮奶油、馬達加斯加香草莢、日本昭和麵粉、蘭姆酒、天然花青素、自製手工香草卡士達醬、布丁、竹碳粉', '2019-11-15 15:50:00'),
(17, 1, '百香果千層', 1500, '3小時', '3顆星', '蛋奶素', '百香果', '1個', '8吋', '蛋糕', '紐西蘭安佳無鹽奶油、新鮮百香果、新鮮檸檬，細砂糖，海藻糖、安田牧場雞蛋、美國進口牛奶、鹽巴、總統牌鮮奶油、日本昭和麵粉', '2019-11-16 15:50:00'),
(18, 1, '法式香草千層蛋糕', 1500, '3小時', '3顆星', '蛋奶素', '香草', '1個', '8吋', '蛋糕', '安佳無鹽奶油、細砂糖、海藻糖、安田牧場雞蛋、美國進口牛奶、鹽巴、蘭姆酒、總統牌鮮奶油、馬達加斯加香草豆莢、白蘭地、日本昭和麵粉', '2019-11-17 15:50:00'),
(19, 1, '法式香濃巧克力捲', 600, '2小時', '2顆星', '蛋奶素', '巧克力', '1個', '\"', '蛋糕', '法國AOP認證依絲妮發酵奶油、巧克力、安田牧場雞蛋、美國進口牛奶、鹽巴、總統牌鮮奶油、日本昭和麵粉', '2019-11-18 15:50:00'),
(20, 1, '提拉米蘇千層蛋糕', 1600, '3小時', '3顆星', '葷', '巧克力', '1個', '8吋', '蛋糕', '法國AOP認證依絲妮發酵奶油、巧克力、安田牧場雞蛋、美國進口牛奶、鹽巴、總統牌鮮奶油、日本昭和麵粉、吉利丁', '2019-11-20 15:50:00'),
(21, 1, '巧克力千層蛋糕', 1500, '3小時', '3顆星', '蛋奶素', '巧克力', '1個', '8吋', '蛋糕', '安佳無鹽奶油、細砂糖、海藻糖、安田牧場雞蛋、美國進口牛奶、鹽巴、蘭姆酒、總統牌鮮奶油、法芙娜苦甜巧克力、日本昭和麵粉', '2019-11-21 15:50:00'),
(22, 1, '奶香芋泥捲', 600, '2小時', '2顆星', '蛋奶素', '芋頭', '1個', '\"', '蛋糕', '國AOP認證依絲妮發酵奶油、芋頭、安田牧場雞蛋、美國進口牛奶、鹽巴、總統牌鮮奶油、日本昭和麵粉', '2019-11-22 15:50:00'),
(23, 1, '愛戀絮語', 600, '2小時', '1顆星', '葷', '草莓', '6個', '\"', '點心', '德國發酵奶油、吉利丁、香草、覆盆子、草莓、蔓越莓、蜂蜜、海藻糖、安田牧場雞蛋、美國進口牛奶、鹽巴、總統牌鮮奶油、日本昭和麵粉', '2019-11-23 15:50:00'),
(24, 1, '美麗家園', 1200, '3小時', '3顆星', '蛋奶素', '藍莓、覆盆子', '1個', '6吋', '蛋糕', '德國發酵奶油、覆盆子、藍莓、荔枝、蝶豆花、紅麴、蔓越莓、蜂蜜、海藻糖、安田牧場雞蛋、美國進口牛奶、鹽巴、總統牌鮮奶油、日本昭和麵粉', '2019-11-24 15:50:00'),
(25, 2, '黑巧克力多肉植物', 900, '3小時', '3顆星', '蛋奶素', '抹茶、草莓、巧克力', '3個', '\"', '蛋糕', '黑巧克力、抹茶巧克力 、餅乾粉、草莓巧克力、杏仁牛奶巧克力', '2019-11-01 14:16:00'),
(26, 2, '巧克力玫瑰花束 ', 1200, '3小時', '3顆星', '蛋奶素', '巧克力', '1個', '\"', '蛋糕', '德國牛奶巧克力40%、麥芽糖、椰子油、蜂蜜 、大豆 ', '2019-11-02 14:16:00'),
(27, 2, '堅果夏威夷豆塔', 500, '2小時', '1顆星', '蛋素', '其他', '24個', '\"', '餅乾', '夏威夷豆、核桃、杏仁豆、麵粉、雞蛋、糖、安佳鮮奶油、安佳無鹽奶油。 ', '2019-11-03 14:16:00'),
(28, 2, '杏仁巧克力塔', 500, '2小時', '1顆星', '蛋素', '巧克力', '24個', '\"', '餅乾', '杏仁粒、巧克力、麵粉、雞蛋。', '2019-11-04 14:16:00'),
(29, 2, '腰果豆塔', 500, '2小時', '1顆星', '蛋奶素', '其他', '24個', '\"', '餅乾', '腰果、麵粉、雞蛋、糖、安佳鮮奶油、安佳無鹽奶油。', '2019-11-05 14:16:00'),
(30, 3, '黑巧克力多肉植物', 900, '3小時', '3顆星', '蛋奶素', '抹茶、草莓、巧克力', '3個', '\"', '蛋糕', '黑巧克力、抹茶巧克力 、餅乾粉、草莓巧克力、杏仁牛奶巧克力', '2019-11-01 20:08:00'),
(31, 3, '巧克力玫瑰花束 ', 1200, '3小時', '3顆星', '蛋奶素', '巧克力', '1個', '\"', '蛋糕', '德國牛奶巧克力40%、麥芽糖、椰子油、蜂蜜 、大豆 ', '2019-11-02 20:08:00'),
(32, 3, '堅果夏威夷豆塔', 500, '2小時', '1顆星', '蛋素', '其他', '24個', '\"', '餅乾', '夏威夷豆、核桃、杏仁豆、麵粉、雞蛋、糖、安佳鮮奶油、安佳無鹽奶油。 ', '2019-11-03 20:08:00'),
(33, 3, '杏仁巧克力塔', 500, '2小時', '1顆星', '蛋素', '巧克力', '24個', '\"', '餅乾', '杏仁粒、巧克力、麵粉、雞蛋。', '2019-11-04 20:08:00'),
(34, 3, '腰果豆塔', 500, '2小時', '1顆星', '蛋奶素', '其他', '24個', '\"', '餅乾', '腰果、麵粉、雞蛋、糖、安佳鮮奶油、安佳無鹽奶油。', '2019-11-05 20:08:00'),
(35, 4, '黑巧克力多肉植物', 900, '3小時', '3顆星', '蛋奶素', '抹茶、草莓、巧克力', '3個', '\"', '蛋糕', '黑巧克力、抹茶巧克力 、餅乾粉、草莓巧克力、杏仁牛奶巧克力', '2019-11-01 20:10:00'),
(36, 4, '巧克力玫瑰花束 ', 1200, '3小時', '3顆星', '蛋奶素', '巧克力', '1個', '\"', '蛋糕', '德國牛奶巧克力40%、麥芽糖、椰子油、蜂蜜 、大豆 ', '2019-11-02 20:10:00'),
(37, 4, '堅果夏威夷豆塔', 500, '2小時', '1顆星', '蛋素', '其他', '24個', '\"', '餅乾', '夏威夷豆、核桃、杏仁豆、麵粉、雞蛋、糖、安佳鮮奶油、安佳無鹽奶油。 ', '2019-11-03 20:10:00'),
(38, 4, '杏仁巧克力塔', 500, '2小時', '1顆星', '蛋素', '巧克力', '24個', '\"', '餅乾', '杏仁粒、巧克力、麵粉、雞蛋。', '2019-11-04 20:10:00'),
(39, 4, '腰果豆塔', 500, '2小時', '1顆星', '蛋奶素', '其他', '24個', '\"', '餅乾', '腰果、麵粉、雞蛋、糖、安佳鮮奶油、安佳無鹽奶油。', '2019-11-05 20:10:00'),
(40, 5, '黑巧克力多肉植物', 900, '3小時', '3顆星', '蛋奶素', '抹茶、草莓、巧克力', '3個', '\"', '蛋糕', '黑巧克力、抹茶巧克力 、餅乾粉、草莓巧克力、杏仁牛奶巧克力', '2019-11-01 20:11:00'),
(41, 5, '巧克力玫瑰花束 ', 1200, '3小時', '3顆星', '蛋奶素', '巧克力', '1個', '\"', '蛋糕', '德國牛奶巧克力40%、麥芽糖、椰子油、蜂蜜 、大豆 ', '2019-11-02 20:11:00'),
(42, 5, '堅果夏威夷豆塔', 500, '2小時', '1顆星', '蛋素', '其他', '24個', '\"', '餅乾', '夏威夷豆、核桃、杏仁豆、麵粉、雞蛋、糖、安佳鮮奶油、安佳無鹽奶油。 ', '2019-11-03 20:11:00'),
(43, 5, '杏仁巧克力塔', 500, '2小時', '1顆星', '蛋素', '巧克力', '24個', '\"', '餅乾', '杏仁粒、巧克力、麵粉、雞蛋。', '2019-11-04 20:11:00'),
(44, 5, '腰果豆塔', 500, '2小時', '1顆星', '蛋奶素', '其他', '24個', '\"', '餅乾', '腰果、麵粉、雞蛋、糖、安佳鮮奶油、安佳無鹽奶油。', '2019-11-05 20:11:00'),
(45, 6, '黑巧克力多肉植物', 900, '3小時', '3顆星', '蛋奶素', '抹茶、草莓、巧克力', '3個', '\"', '蛋糕', '黑巧克力、抹茶巧克力 、餅乾粉、草莓巧克力、杏仁牛奶巧克力', '2019-11-01 20:15:00'),
(46, 6, '巧克力玫瑰花束 ', 1200, '3小時', '3顆星', '蛋奶素', '巧克力', '1個', '\"', '蛋糕', '德國牛奶巧克力40%、麥芽糖、椰子油、蜂蜜 、大豆 ', '2019-11-02 20:15:00'),
(47, 6, '堅果夏威夷豆塔', 500, '2小時', '1顆星', '蛋素', '其他', '24個', '\"', '餅乾', '夏威夷豆、核桃、杏仁豆、麵粉、雞蛋、糖、安佳鮮奶油、安佳無鹽奶油。 ', '2019-11-03 20:15:00'),
(48, 6, '杏仁巧克力塔', 500, '2小時', '1顆星', '蛋素', '巧克力', '24個', '\"', '餅乾', '杏仁粒、巧克力、麵粉、雞蛋。', '2019-11-04 20:15:00'),
(49, 6, '腰果豆塔', 500, '2小時', '1顆星', '蛋奶素', '其他', '24個', '\"', '餅乾', '腰果、麵粉、雞蛋、糖、安佳鮮奶油、安佳無鹽奶油。', '2019-11-05 20:15:00'),
(50, 7, '小夏日百香蛋糕', 600, '3小時', '2顆星', '蛋奶素', '百香果', '1個', '6吋', '蛋糕', '雞蛋、麵粉、百香果汁、奶油、海藻糖、砂糖、糖粉、檸檬', '2019-11-01 20:25:00'),
(51, 7, '特濃芋頭乳酪蛋糕', 600, '2小時', '2顆星', '蛋奶素', '芋頭', '1個', '6吋', '蛋糕', '乳酪、芋頭、雞蛋、砂糖、海藻糖、玉米粉、鮮奶油', '2019-11-02 20:25:00'),
(52, 7, '檸檬乳酪蛋糕', 600, '2小時', '2顆星', '蛋奶素', '檸檬', '1個', '6吋', '蛋糕', '乳酪、檸檬、雞蛋、砂糖、海藻糖、玉米粉、鮮奶油', '2019-11-03 20:25:00'),
(53, 7, '香草布丁乳酪蛋糕', 650, '2小時', '2顆星', '蛋奶素', '香草', '1個', '6吋', '蛋糕', '乳酪、牛奶、香草莢、黑糖、奶油、雞蛋、砂糖、海藻糖、玉米粉、鮮奶油', '2019-11-04 20:25:00'),
(54, 7, '西班牙檸檬磅蛋糕', 550, '2小時', '2顆星', '蛋奶素', '檸檬', '1個', '6吋', '蛋糕', '新鮮檸檬、法國AOP認證奶油、日本麵粉', '2019-11-05 20:25:00'),
(55, 8, '黑巧克力多肉植物', 900, '3小時', '3顆星', '蛋奶素', '抹茶、草莓、巧克力', '3個', '\"', '蛋糕', '黑巧克力、抹茶巧克力 、餅乾粉、草莓巧克力、杏仁牛奶巧克力', '2019-11-01 20:35:00'),
(56, 8, '巧克力玫瑰花束 ', 1200, '3小時', '3顆星', '蛋奶素', '巧克力', '1個', '\"', '蛋糕', '德國牛奶巧克力40%、麥芽糖、椰子油、蜂蜜 、大豆 ', '2019-11-02 20:35:00'),
(57, 8, '堅果夏威夷豆塔', 500, '2小時', '1顆星', '蛋素', '其他', '24個', '\"', '餅乾', '夏威夷豆、核桃、杏仁豆、麵粉、雞蛋、糖、安佳鮮奶油、安佳無鹽奶油。 ', '2019-11-03 20:35:00'),
(58, 8, '杏仁巧克力塔', 500, '2小時', '1顆星', '蛋素', '巧克力', '24個', '\"', '餅乾', '杏仁粒、巧克力、麵粉、雞蛋。', '2019-11-04 20:35:00'),
(59, 8, '腰果豆塔', 500, '2小時', '1顆星', '蛋奶素', '其他', '24個', '\"', '餅乾', '腰果、麵粉、雞蛋、糖、安佳鮮奶油、安佳無鹽奶油。', '2019-11-05 20:35:00'),
(60, 9, '黑巧克力多肉植物', 900, '3小時', '3顆星', '蛋奶素', '抹茶、草莓、巧克力', '3個', '\"', '蛋糕', '黑巧克力、抹茶巧克力 、餅乾粉、草莓巧克力、杏仁牛奶巧克力', '2019-11-01 20:35:00'),
(61, 9, '巧克力玫瑰花束 ', 1200, '3小時', '3顆星', '蛋奶素', '巧克力', '1個', '\"', '蛋糕', '德國牛奶巧克力40%、麥芽糖、椰子油、蜂蜜 、大豆 ', '2019-11-02 20:35:00'),
(62, 9, '堅果夏威夷豆塔', 500, '2小時', '1顆星', '蛋素', '其他', '24個', '\"', '餅乾', '夏威夷豆、核桃、杏仁豆、麵粉、雞蛋、糖、安佳鮮奶油、安佳無鹽奶油。 ', '2019-11-03 20:35:00'),
(63, 9, '杏仁巧克力塔', 500, '2小時', '1顆星', '蛋素', '巧克力', '24個', '\"', '餅乾', '杏仁粒、巧克力、麵粉、雞蛋。', '2019-11-04 20:35:00'),
(64, 9, '腰果豆塔', 500, '2小時', '1顆星', '蛋奶素', '其他', '24個', '\"', '餅乾', '腰果、麵粉、雞蛋、糖、安佳鮮奶油、安佳無鹽奶油。', '2019-11-05 20:35:00'),
(65, 10, '黑巧克力多肉植物', 900, '3小時', '3顆星', '蛋奶素', '抹茶、草莓、巧克力', '3個', '\"', '蛋糕', '黑巧克力、抹茶巧克力 、餅乾粉、草莓巧克力、杏仁牛奶巧克力', '2019-11-01 20:35:00'),
(66, 10, '巧克力玫瑰花束 ', 1200, '3小時', '3顆星', '蛋奶素', '巧克力', '1個', '\"', '蛋糕', '德國牛奶巧克力40%、麥芽糖、椰子油、蜂蜜 、大豆 ', '2019-11-02 20:35:00'),
(67, 10, '堅果夏威夷豆塔', 500, '2小時', '1顆星', '蛋素', '其他', '24個', '\"', '餅乾', '夏威夷豆、核桃、杏仁豆、麵粉、雞蛋、糖、安佳鮮奶油、安佳無鹽奶油。 ', '2019-11-03 20:35:00'),
(68, 10, '杏仁巧克力塔', 500, '2小時', '1顆星', '蛋素', '巧克力', '24個', '\"', '餅乾', '杏仁粒、巧克力、麵粉、雞蛋。', '2019-11-04 20:35:00'),
(69, 10, '腰果豆塔', 500, '2小時', '1顆星', '蛋奶素', '其他', '24個', '\"', '餅乾', '腰果、麵粉、雞蛋、糖、安佳鮮奶油、安佳無鹽奶油。', '2019-11-05 20:35:00'),
(70, 11, '黑巧克力多肉植物', 900, '3小時', '3顆星', '蛋奶素', '抹茶、草莓、巧克力', '3個', '\"', '蛋糕', '黑巧克力、抹茶巧克力 、餅乾粉、草莓巧克力、杏仁牛奶巧克力', '2019-11-01 20:10:00'),
(71, 11, '巧克力玫瑰花束 ', 1200, '3小時', '3顆星', '蛋奶素', '巧克力', '1個', '\"', '蛋糕', '德國牛奶巧克力40%、麥芽糖、椰子油、蜂蜜 、大豆 ', '2019-11-02 20:10:00'),
(72, 11, '堅果夏威夷豆塔', 500, '2小時', '1顆星', '蛋素', '其他', '24個', '\"', '餅乾', '夏威夷豆、核桃、杏仁豆、麵粉、雞蛋、糖、安佳鮮奶油、安佳無鹽奶油。 ', '2019-11-03 20:10:00'),
(73, 11, '杏仁巧克力塔', 500, '2小時', '1顆星', '蛋素', '巧克力', '24個', '\"', '餅乾', '杏仁粒、巧克力、麵粉、雞蛋。', '2019-11-04 20:10:00'),
(74, 11, '腰果豆塔', 500, '2小時', '1顆星', '蛋奶素', '其他', '24個', '\"', '餅乾', '腰果、麵粉、雞蛋、糖、安佳鮮奶油、安佳無鹽奶油。', '2019-11-05 20:10:00'),
(75, 12, '黑巧克力多肉植物', 900, '3小時', '3顆星', '蛋奶素', '抹茶、草莓、巧克力', '3個', '\"', '蛋糕', '黑巧克力、抹茶巧克力 、餅乾粉、草莓巧克力、杏仁牛奶巧克力', '2019-11-01 20:11:00'),
(76, 12, '巧克力玫瑰花束 ', 1200, '3小時', '3顆星', '蛋奶素', '巧克力', '1個', '\"', '蛋糕', '德國牛奶巧克力40%、麥芽糖、椰子油、蜂蜜 、大豆 ', '2019-11-02 20:11:00'),
(77, 12, '堅果夏威夷豆塔', 500, '2小時', '1顆星', '蛋素', '其他', '24個', '\"', '餅乾', '夏威夷豆、核桃、杏仁豆、麵粉、雞蛋、糖、安佳鮮奶油、安佳無鹽奶油。 ', '2019-11-03 20:11:00'),
(78, 12, '杏仁巧克力塔', 500, '2小時', '1顆星', '蛋素', '巧克力', '24個', '\"', '餅乾', '杏仁粒、巧克力、麵粉、雞蛋。', '2019-11-04 20:11:00'),
(79, 12, '腰果豆塔', 500, '2小時', '1顆星', '蛋奶素', '其他', '24個', '\"', '餅乾', '腰果、麵粉、雞蛋、糖、安佳鮮奶油、安佳無鹽奶油。', '2019-11-05 20:11:00'),
(80, 13, '黑巧克力多肉植物', 900, '3小時', '3顆星', '蛋奶素', '抹茶、草莓、巧克力', '3個', '\"', '蛋糕', '黑巧克力、抹茶巧克力 、餅乾粉、草莓巧克力、杏仁牛奶巧克力', '2019-11-01 20:15:00'),
(81, 13, '巧克力玫瑰花束 ', 1200, '3小時', '3顆星', '蛋奶素', '巧克力', '1個', '\"', '蛋糕', '德國牛奶巧克力40%、麥芽糖、椰子油、蜂蜜 、大豆 ', '2019-11-02 20:15:00'),
(82, 13, '堅果夏威夷豆塔', 500, '2小時', '1顆星', '蛋素', '其他', '24個', '\"', '餅乾', '夏威夷豆、核桃、杏仁豆、麵粉、雞蛋、糖、安佳鮮奶油、安佳無鹽奶油。 ', '2019-11-03 20:15:00'),
(83, 13, '杏仁巧克力塔', 500, '2小時', '1顆星', '蛋素', '巧克力', '24個', '\"', '餅乾', '杏仁粒、巧克力、麵粉、雞蛋。', '2019-11-04 20:15:00'),
(84, 13, '腰果豆塔', 500, '2小時', '1顆星', '蛋奶素', '其他', '24個', '\"', '餅乾', '腰果、麵粉、雞蛋、糖、安佳鮮奶油、安佳無鹽奶油。', '2019-11-05 20:15:00'),
(85, 14, '黑巧克力多肉植物', 900, '3小時', '3顆星', '蛋奶素', '抹茶、草莓、巧克力', '3個', '\"', '蛋糕', '黑巧克力、抹茶巧克力 、餅乾粉、草莓巧克力、杏仁牛奶巧克力', '2019-11-01 20:25:00'),
(86, 14, '巧克力玫瑰花束 ', 1200, '3小時', '3顆星', '蛋奶素', '巧克力', '1個', '\"', '蛋糕', '德國牛奶巧克力40%、麥芽糖、椰子油、蜂蜜 、大豆 ', '2019-11-02 20:25:00'),
(87, 14, '堅果夏威夷豆塔', 500, '2小時', '1顆星', '蛋素', '其他', '24個', '\"', '餅乾', '夏威夷豆、核桃、杏仁豆、麵粉、雞蛋、糖、安佳鮮奶油、安佳無鹽奶油。 ', '2019-11-03 20:25:00'),
(88, 14, '杏仁巧克力塔', 500, '2小時', '1顆星', '蛋素', '巧克力', '24個', '\"', '餅乾', '杏仁粒、巧克力、麵粉、雞蛋。', '2019-11-04 20:25:00'),
(89, 14, '腰果豆塔', 500, '2小時', '1顆星', '蛋奶素', '其他', '24個', '\"', '餅乾', '腰果、麵粉、雞蛋、糖、安佳鮮奶油、安佳無鹽奶油。', '2019-11-05 20:25:00'),
(90, 15, '黑巧克力多肉植物', 900, '3小時', '3顆星', '蛋奶素', '抹茶、草莓、巧克力', '3個', '\"', '蛋糕', '黑巧克力、抹茶巧克力 、餅乾粉、草莓巧克力、杏仁牛奶巧克力', '2019-11-01 20:35:00'),
(91, 15, '巧克力玫瑰花束 ', 1200, '3小時', '3顆星', '蛋奶素', '巧克力', '1個', '\"', '蛋糕', '德國牛奶巧克力40%、麥芽糖、椰子油、蜂蜜 、大豆 ', '2019-11-02 20:35:00'),
(92, 15, '堅果夏威夷豆塔', 500, '2小時', '1顆星', '蛋素', '其他', '24個', '\"', '餅乾', '夏威夷豆、核桃、杏仁豆、麵粉、雞蛋、糖、安佳鮮奶油、安佳無鹽奶油。 ', '2019-11-03 20:35:00'),
(93, 15, '杏仁巧克力塔', 500, '2小時', '1顆星', '蛋素', '巧克力', '24個', '\"', '餅乾', '杏仁粒、巧克力、麵粉、雞蛋。', '2019-11-04 20:35:00'),
(94, 15, '腰果豆塔', 500, '2小時', '1顆星', '蛋奶素', '其他', '24個', '\"', '餅乾', '腰果、麵粉、雞蛋、糖、安佳鮮奶油、安佳無鹽奶油。', '2019-11-05 20:35:00'),
(95, 16, '黑巧克力多肉植物', 900, '3小時', '3顆星', '蛋奶素', '抹茶、草莓、巧克力', '3個', '\"', '蛋糕', '黑巧克力、抹茶巧克力 、餅乾粉、草莓巧克力、杏仁牛奶巧克力', '2019-11-01 20:35:00'),
(96, 16, '巧克力玫瑰花束 ', 1200, '3小時', '3顆星', '蛋奶素', '巧克力', '1個', '\"', '蛋糕', '德國牛奶巧克力40%、麥芽糖、椰子油、蜂蜜 、大豆 ', '2019-11-02 20:35:00'),
(97, 16, '堅果夏威夷豆塔', 500, '2小時', '1顆星', '蛋素', '其他', '24個', '\"', '餅乾', '夏威夷豆、核桃、杏仁豆、麵粉、雞蛋、糖、安佳鮮奶油、安佳無鹽奶油。 ', '2019-11-03 20:35:00'),
(98, 16, '杏仁巧克力塔', 500, '2小時', '1顆星', '蛋素', '巧克力', '24個', '\"', '餅乾', '杏仁粒、巧克力、麵粉、雞蛋。', '2019-11-04 20:35:00'),
(99, 16, '腰果豆塔', 500, '2小時', '1顆星', '蛋奶素', '其他', '24個', '\"', '餅乾', '腰果、麵粉、雞蛋、糖、安佳鮮奶油、安佳無鹽奶油。', '2019-11-05 20:35:00'),
(100, 17, '黑巧克力多肉植物', 900, '3小時', '3顆星', '蛋奶素', '抹茶、草莓、巧克力', '3個', '\"', '蛋糕', '黑巧克力、抹茶巧克力 、餅乾粉、草莓巧克力、杏仁牛奶巧克力', '2019-11-01 20:35:00'),
(101, 17, '巧克力玫瑰花束 ', 1200, '3小時', '3顆星', '蛋奶素', '巧克力', '1個', '\"', '蛋糕', '德國牛奶巧克力40%、麥芽糖、椰子油、蜂蜜 、大豆 ', '2019-11-02 20:35:00'),
(102, 17, '堅果夏威夷豆塔', 500, '2小時', '1顆星', '蛋素', '其他', '24個', '\"', '餅乾', '夏威夷豆、核桃、杏仁豆、麵粉、雞蛋、糖、安佳鮮奶油、安佳無鹽奶油。 ', '2019-11-03 20:35:00'),
(103, 17, '杏仁巧克力塔', 500, '2小時', '1顆星', '蛋素', '巧克力', '24個', '\"', '餅乾', '杏仁粒、巧克力、麵粉、雞蛋。', '2019-11-04 20:35:00'),
(104, 17, '腰果豆塔', 500, '2小時', '1顆星', '蛋奶素', '其他', '24個', '\"', '餅乾', '腰果、麵粉、雞蛋、糖、安佳鮮奶油、安佳無鹽奶油。', '2019-11-05 20:35:00'),
(105, 18, '黑巧克力多肉植物', 900, '3小時', '3顆星', '蛋奶素', '抹茶、草莓、巧克力', '3個', '\"', '蛋糕', '黑巧克力、抹茶巧克力 、餅乾粉、草莓巧克力、杏仁牛奶巧克力', '2019-11-01 20:10:00'),
(106, 18, '巧克力玫瑰花束 ', 1200, '3小時', '3顆星', '蛋奶素', '巧克力', '1個', '\"', '蛋糕', '德國牛奶巧克力40%、麥芽糖、椰子油、蜂蜜 、大豆 ', '2019-11-02 20:10:00'),
(107, 18, '堅果夏威夷豆塔', 500, '2小時', '1顆星', '蛋素', '其他', '24個', '\"', '餅乾', '夏威夷豆、核桃、杏仁豆、麵粉、雞蛋、糖、安佳鮮奶油、安佳無鹽奶油。 ', '2019-11-03 20:10:00'),
(108, 18, '杏仁巧克力塔', 500, '2小時', '1顆星', '蛋素', '巧克力', '24個', '\"', '餅乾', '杏仁粒、巧克力、麵粉、雞蛋。', '2019-11-04 20:10:00'),
(109, 18, '腰果豆塔', 500, '2小時', '1顆星', '蛋奶素', '其他', '24個', '\"', '餅乾', '腰果、麵粉、雞蛋、糖、安佳鮮奶油、安佳無鹽奶油。', '2019-11-05 20:10:00'),
(110, 19, '黑巧克力多肉植物', 900, '3小時', '3顆星', '蛋奶素', '抹茶、草莓、巧克力', '3個', '\"', '蛋糕', '黑巧克力、抹茶巧克力 、餅乾粉、草莓巧克力、杏仁牛奶巧克力', '2019-11-01 20:11:00'),
(111, 19, '巧克力玫瑰花束 ', 1200, '3小時', '3顆星', '蛋奶素', '巧克力', '1個', '\"', '蛋糕', '德國牛奶巧克力40%、麥芽糖、椰子油、蜂蜜 、大豆 ', '2019-11-02 20:11:00'),
(112, 19, '堅果夏威夷豆塔', 500, '2小時', '1顆星', '蛋素', '其他', '24個', '\"', '餅乾', '夏威夷豆、核桃、杏仁豆、麵粉、雞蛋、糖、安佳鮮奶油、安佳無鹽奶油。 ', '2019-11-03 20:11:00'),
(113, 19, '杏仁巧克力塔', 500, '2小時', '1顆星', '蛋素', '巧克力', '24個', '\"', '餅乾', '杏仁粒、巧克力、麵粉、雞蛋。', '2019-11-04 20:11:00'),
(114, 19, '腰果豆塔', 500, '2小時', '1顆星', '蛋奶素', '其他', '24個', '\"', '餅乾', '腰果、麵粉、雞蛋、糖、安佳鮮奶油、安佳無鹽奶油。', '2019-11-05 20:11:00'),
(115, 20, '黑巧克力多肉植物', 900, '3小時', '3顆星', '蛋奶素', '抹茶、草莓、巧克力', '3個', '\"', '蛋糕', '黑巧克力、抹茶巧克力 、餅乾粉、草莓巧克力、杏仁牛奶巧克力', '2019-11-01 20:15:00'),
(116, 20, '巧克力玫瑰花束 ', 1200, '3小時', '3顆星', '蛋奶素', '巧克力', '1個', '\"', '蛋糕', '德國牛奶巧克力40%、麥芽糖、椰子油、蜂蜜 、大豆 ', '2019-11-02 20:15:00'),
(117, 20, '堅果夏威夷豆塔', 500, '2小時', '1顆星', '蛋素', '其他', '24個', '\"', '餅乾', '夏威夷豆、核桃、杏仁豆、麵粉、雞蛋、糖、安佳鮮奶油、安佳無鹽奶油。 ', '2019-11-03 20:15:00'),
(118, 20, '杏仁巧克力塔', 500, '2小時', '1顆星', '蛋素', '巧克力', '24個', '\"', '餅乾', '杏仁粒、巧克力、麵粉、雞蛋。', '2019-11-04 20:15:00'),
(119, 20, '腰果豆塔', 500, '2小時', '1顆星', '蛋奶素', '其他', '24個', '\"', '餅乾', '腰果、麵粉、雞蛋、糖、安佳鮮奶油、安佳無鹽奶油。', '2019-11-05 20:15:00'),
(120, 21, '黑巧克力多肉植物', 900, '3小時', '3顆星', '蛋奶素', '抹茶、草莓、巧克力', '3個', '\"', '蛋糕', '黑巧克力、抹茶巧克力 、餅乾粉、草莓巧克力、杏仁牛奶巧克力', '2019-11-01 20:25:00'),
(121, 21, '巧克力玫瑰花束 ', 1200, '3小時', '3顆星', '蛋奶素', '巧克力', '1個', '\"', '蛋糕', '德國牛奶巧克力40%、麥芽糖、椰子油、蜂蜜 、大豆 ', '2019-11-02 20:25:00'),
(122, 21, '堅果夏威夷豆塔', 500, '2小時', '1顆星', '蛋素', '其他', '24個', '\"', '餅乾', '夏威夷豆、核桃、杏仁豆、麵粉、雞蛋、糖、安佳鮮奶油、安佳無鹽奶油。 ', '2019-11-03 20:25:00'),
(123, 21, '杏仁巧克力塔', 500, '2小時', '1顆星', '蛋素', '巧克力', '24個', '\"', '餅乾', '杏仁粒、巧克力、麵粉、雞蛋。', '2019-11-04 20:25:00'),
(124, 21, '腰果豆塔', 500, '2小時', '1顆星', '蛋奶素', '其他', '24個', '\"', '餅乾', '腰果、麵粉、雞蛋、糖、安佳鮮奶油、安佳無鹽奶油。', '2019-11-05 20:25:00'),
(125, 22, '黑巧克力多肉植物', 900, '3小時', '3顆星', '蛋奶素', '抹茶、草莓、巧克力', '3個', '\"', '蛋糕', '黑巧克力、抹茶巧克力 、餅乾粉、草莓巧克力、杏仁牛奶巧克力', '2019-11-01 20:35:00'),
(126, 22, '巧克力玫瑰花束 ', 1200, '3小時', '3顆星', '蛋奶素', '巧克力', '1個', '\"', '蛋糕', '德國牛奶巧克力40%、麥芽糖、椰子油、蜂蜜 、大豆 ', '2019-11-02 20:35:00'),
(127, 22, '堅果夏威夷豆塔', 500, '2小時', '1顆星', '蛋素', '其他', '24個', '\"', '餅乾', '夏威夷豆、核桃、杏仁豆、麵粉、雞蛋、糖、安佳鮮奶油、安佳無鹽奶油。 ', '2019-11-03 20:35:00'),
(128, 22, '杏仁巧克力塔', 500, '2小時', '1顆星', '蛋素', '巧克力', '24個', '\"', '餅乾', '杏仁粒、巧克力、麵粉、雞蛋。', '2019-11-04 20:35:00'),
(129, 22, '腰果豆塔', 500, '2小時', '1顆星', '蛋奶素', '其他', '24個', '\"', '餅乾', '腰果、麵粉、雞蛋、糖、安佳鮮奶油、安佳無鹽奶油。', '2019-11-05 20:35:00'),
(130, 23, '黑巧克力多肉植物', 900, '3小時', '3顆星', '蛋奶素', '抹茶、草莓、巧克力', '3個', '\"', '蛋糕', '黑巧克力、抹茶巧克力 、餅乾粉、草莓巧克力、杏仁牛奶巧克力', '2019-11-01 20:35:00'),
(131, 23, '巧克力玫瑰花束 ', 1200, '3小時', '3顆星', '蛋奶素', '巧克力', '1個', '\"', '蛋糕', '德國牛奶巧克力40%、麥芽糖、椰子油、蜂蜜 、大豆 ', '2019-11-02 20:35:00'),
(132, 23, '堅果夏威夷豆塔', 500, '2小時', '1顆星', '蛋素', '其他', '24個', '\"', '餅乾', '夏威夷豆、核桃、杏仁豆、麵粉、雞蛋、糖、安佳鮮奶油、安佳無鹽奶油。 ', '2019-11-03 20:35:00'),
(133, 23, '杏仁巧克力塔', 500, '2小時', '1顆星', '蛋素', '巧克力', '24個', '\"', '餅乾', '杏仁粒、巧克力、麵粉、雞蛋。', '2019-11-04 20:35:00'),
(134, 23, '腰果豆塔', 500, '2小時', '1顆星', '蛋奶素', '其他', '24個', '\"', '餅乾', '腰果、麵粉、雞蛋、糖、安佳鮮奶油、安佳無鹽奶油。', '2019-11-05 20:35:00'),
(135, 24, '黑巧克力多肉植物', 900, '3小時', '3顆星', '蛋奶素', '抹茶、草莓、巧克力', '3個', '\"', '蛋糕', '黑巧克力、抹茶巧克力 、餅乾粉、草莓巧克力、杏仁牛奶巧克力', '2019-11-01 20:35:00'),
(136, 24, '巧克力玫瑰花束 ', 1200, '3小時', '3顆星', '蛋奶素', '巧克力', '1個', '\"', '蛋糕', '德國牛奶巧克力40%、麥芽糖、椰子油、蜂蜜 、大豆 ', '2019-11-02 20:35:00'),
(137, 24, '堅果夏威夷豆塔', 500, '2小時', '1顆星', '蛋素', '其他', '24個', '\"', '餅乾', '夏威夷豆、核桃、杏仁豆、麵粉、雞蛋、糖、安佳鮮奶油、安佳無鹽奶油。 ', '2019-11-03 20:35:00'),
(138, 24, '杏仁巧克力塔', 500, '2小時', '1顆星', '蛋素', '巧克力', '24個', '\"', '餅乾', '杏仁粒、巧克力、麵粉、雞蛋。', '2019-11-04 20:35:00'),
(139, 24, '腰果豆塔', 500, '2小時', '1顆星', '蛋奶素', '其他', '24個', '\"', '餅乾', '腰果、麵粉、雞蛋、糖、安佳鮮奶油、安佳無鹽奶油。', '2019-11-05 20:35:00'),
(140, 7, '蹦啾香草輕乳酪', 550, '2小時', '2顆星', '蛋奶素', '香草', '1個', '6吋', '蛋糕', '馬達加斯加的天然香草莢與乳酪', '2019-11-06 13:30:00'),
(141, 7, '愛媛柚香輕乳酪', 550, '2小時', '2顆星', '蛋奶素', '其他', '1個', '6吋', '蛋糕', '其他', '2019-11-07 13:30:00'),
(142, 7, '焦糖雪融蛋糕', 550, '2小時', '2顆星', '蛋奶素', '其他', '1個', '6吋', '蛋糕', '北海道鮮奶油、日本麵粉、上白糖、海藻糖、中雙糖、天然香草、荔枝花蜜、雞蛋、牛奶', '2019-11-08 13:30:00'),
(143, 7, '鮮綠檸檬蛋糕', 550, '3小時', '2顆星', '蛋奶素', '檸檬', '1個', '6吋', '蛋糕', '綠檸檬、法國伊思尼奶油、熊本麵粉與檸檬糖霜。', '2019-11-09 13:30:00'),
(144, 7, '跳舞巧克力重乳酪', 650, '2小時', '2顆星', '蛋奶素', '巧克力', '1個', '6吋', '蛋糕', '花生、糖、鹽、比利時巧可力', '2019-11-10 13:30:00'),
(145, 7, '玫瑰荔枝乳酪蛋糕', 650, '2小時', '2顆星', '蛋奶素', '其他', '1個', '6吋', '蛋糕', '台灣有機玫瑰花瓣、荔枝果乾與乳酪', '2019-11-11 13:30:00'),
(146, 7, '烏龍鐵觀音乳酪蛋糕', 650, '2小時', '2顆星', '蛋奶素', '茶類', '1個', '6吋', '蛋糕', '鐵觀音原片茶葉、乳酪', '2019-11-12 13:30:00'),
(147, 7, '蘭姆葡萄乳酪蛋糕', 650, '2小時', '2顆星', '蛋奶素', '其他', '1個', '6吋', '蛋糕', '蘭姆酒、葡萄乾、乳酪', '2019-11-13 13:30:00'),
(148, 7, '抹茶蝴蝶酥', 550, '1小時', '1顆星', '蛋奶素', '抹茶', '20個', '\"', '餅乾', '奶油、麵粉、水、砂糖', '2019-11-01 13:45:00'),
(149, 7, '芝麻蝴蝶酥', 550, '1小時', '1顆星', '蛋奶素', '其他', '20個', '\"', '餅乾', '法國依思尼ISIGNY STE MÈRE產區限定的發酵奶油片、日本熊本珍珠薄力粉、日本竹本黑芝麻醬、砂糖、飲用水、海鹽', '2019-11-02 13:45:00'),
(150, 7, '蝴蝶酥', 550, '1小時', '1顆星', '蛋奶素', '其他', '20個', '\"', '餅乾', '蝴蝶酥 Palmier，麵團與奶油的包覆、桿折、包覆、桿折....終讓層層派皮膨脹酥脆，變成隻隻輕盈飛舞的蝴蝶……', '2019-11-03 13:45:00'),
(151, 7, '小心心', 750, '3小時', '2顆星', '蛋奶素', '其他', '6個', '\"', '蛋糕', '法國依思尼ISIGNY STE MÈRE產區限定動物鮮奶油、日本熊本珍珠薄力粉、砂糖、殼蛋、法國覆盆子果泥/熱帶水果果泥/草莓果尼、馬達加斯加香草莢、牛奶巧克力、榛果脆片、榛果、榛果醬、吉利丁、法國Weiss安努爾雪34%白巧克力、法國Weiss100%可可脂、食用色素', '2019-11-04 13:45:00'),
(152, 7, '覆盆子金沙酥餅', 650, '1小時', '1顆星', '蛋奶素', '覆盆子', '15個', '\"', '餅乾', '法國依思尼ISIGNY STE MÈRE產區限定的發酵奶油片、日本熊本珍珠薄力粉、覆盆子果醬(覆盆子、砂糖、檸檬汁)、殼蛋、鹹蛋黃、砂糖、鹽之花、泡打粉', '2019-11-05 13:45:00'),
(153, 7, 'Passion', 750, '3小時', '2顆星', '葷', '巧克力', '1個', '6吋', '蛋糕', '法國依思尼ISIGNY STE MÈRE產區限定動物鮮奶油、日本熊本珍珠薄力粉、砂糖、殼蛋、法國草莓果泥、吉利丁、牛奶巧克力、榛果脆片、法國Weiss安努爾雪34%白巧克力、法國Weiss100%可可脂、食用色素', '2019-11-06 13:45:00'),
(154, 7, '焙茶瑪德蓮', 550, '1小時', '1顆星', '蛋奶素', '茶類', '24個', '\"', '點心', '法國依思尼ISIGNY STE MÈRE產區限定的發酵奶油片、日本熊本珍珠薄力粉、日本森半京都宇治焙茶粉、新鮮殼蛋、砂糖、馬達加斯加香草', '2019-11-07 13:45:00'),
(155, 7, '慢慢', 750, '2小時', '2顆星', '葷', '巧克力', '1個', '6吋', '蛋糕', '法國依思尼ISIGNY STE MÈRE產區限定動物鮮奶油、日本熊本珍珠薄力粉、榛果、榛果醬、砂糖、殼蛋、吉利丁、牛奶巧克力、榛果脆片、法國Weiss安努爾雪34%白巧克力、法國Weiss100%可可脂、食用色素', '2019-11-08 13:45:00'),
(156, 7, '純', 750, '2小時', '2顆星', '葷', '香草', '1個', '6吋', '蛋糕', '法國依思尼ISIGNY STE MÈRE產區限定動物鮮奶油、日本熊本珍珠薄力粉、砂糖、殼蛋、法國覆盆子果泥/熱帶水果果泥、馬達加斯加香草莢、吉利丁、法國Weiss安努爾雪34%白巧克力、法國Weiss100%可可脂、食用色素', '2019-11-09 13:45:00'),
(157, 7, '瑪德蓮', 550, '1小時', '1顆星', '蛋奶素', '香草', '24個', '\"', '點心', '法國依思尼ISIGNY STE MÈRE產區限定的發酵奶油片、日本熊本珍珠薄力粉、新鮮殼蛋、砂糖、馬達加斯加香草', '2019-11-10 13:45:00'),
(158, 7, '波爾多可麗露', 550, '1小時', '1顆星', '蛋奶素', '其他', '15個', '\"', '點心', '法國依思尼發酵奶油、日本熊本珍珠薄力粉、牧場殼蛋、砂糖、馬達加斯加香草籽、牙買加Myers\'s麥斯蘭姆酒', '2019-11-11 13:45:00'),
(159, 7, '法式經典檸檬塔', 750, '3小時', '2顆星', '葷', '檸檬', '1個', '6吋', '蛋糕', '法國依思尼ISIGNY STE MÈRE產區限定動物鮮奶油、日本熊本珍珠薄力粉、砂糖、殼蛋、屏東履歷檸檬、吉利丁', '2019-11-12 13:45:00'),
(160, 7, '焙茶可麗露', 550, '1小時', '1顆星', '蛋奶素', '茶類', '15個', '\"', '點心', '法國依思尼發酵奶油、日本熊本珍珠薄力粉、牧場殼蛋、砂糖、馬達加斯加香草籽、牙買加Myers\'s麥斯蘭姆酒、日本森半京都宇治焙茶粉', '2019-11-13 13:45:00'),
(161, 7, '金沙酥餅', 550, '1小時', '1顆星', '蛋奶素', '其他', '9個', '\"', '餅乾', '法國依思尼ISIGNY STE MÈRE產區限定的發酵奶油片、日本熊本珍珠薄力粉、殼蛋、鹹蛋黃、砂糖、鹽之花、泡打粉', '2019-11-14 13:45:00'),
(162, 7, '極濃抹茶舞起司蛋糕', 850, '2小時', '2顆星', '蛋奶素', '抹茶', '1個', '8吋', '蛋糕', '奶油起司、丸久小山園抹茶粉、澳洲奶油、雞蛋、砂糖、巧克力奶油酥餅、白巧克力、鮮奶油', '2019-11-01 14:10:00'),
(163, 7, '黃金起司', 750, '2小時', '2顆星', '蛋奶素', '其他', '1個', '8吋', '蛋糕', '奶油起司、澳洲奶油、雞蛋、砂糖、鮮奶油', '2019-11-02 14:10:00'),
(164, 7, '紐約經典特濃起司', 850, '2小時', '2顆星', '蛋奶素', '其他', '1個', '8吋', '蛋糕', '奶油起司、雞蛋、砂糖', '2019-11-03 14:10:00'),
(165, 7, '花生惹起司', 850, '2小時', '2顆星', '蛋奶素', '其他', '1個', '8吋', '蛋糕', '奶油起司、無糖花生醬、澳洲奶油、雞蛋、砂糖、巧克力奶油酥餅、白巧克力、鮮奶油', '2019-11-04 14:10:00'),
(166, 7, '金秋鹹蛋黃起司', 850, '2小時', '2顆星', '蛋奶素', '其他', '1個', '8吋', '蛋糕', '奶油起司、紅土鹹蛋黃、澳洲奶油、雞蛋、砂糖、鮮奶油', '2019-11-05 14:10:00'),
(167, 7, '焦糖蘋果餡起司', 850, '2小時', '2顆星', '蛋奶素', '其他', '1個', '8吋', '蛋糕', '奶油起司、砂糖、澳洲奶油、雞蛋、鮮奶油', '2019-11-06 14:10:00'),
(168, 7, '白日夢太妃糖起司', 750, '2小時', '2顆星', '蛋奶素', '其他', '1個', '8吋', '蛋糕', '奶油起司、砂糖、雞蛋、砂糖、覆盆子', '2019-11-07 14:10:00'),
(169, 7, '覆盆子粉粉起司蛋糕', 750, '2小時', '2顆星', '蛋奶素', '覆盆子', '1個', '8吋', '蛋糕', '奶油起司、砂糖、澳洲奶油、雞蛋、砂糖、鮮奶油', '2019-11-08 14:10:00'),
(170, 7, '濃情重巧克力起司', 850, '2小時', '2顆星', '蛋奶素', '巧克力', '1個', '8吋', '蛋糕', '奶油起司、澳洲奶油、雞蛋、砂糖、巧克力', '2019-11-09 14:10:00'),
(171, 7, '黑巧克力多肉植物', 900, '3小時', '3顆星', '蛋奶素', '巧克力', '3個', '\"', '蛋糕', '黑巧克力、抹茶巧克力 、餅乾粉、草莓巧克力、杏仁牛奶巧克力', '2019-11-01 14:16:00'),
(172, 7, '巧克力玫瑰花束 ', 1200, '3小時', '3顆星', '蛋奶素', '巧克力', '1個', '\"', '蛋糕', '德國牛奶巧克力40%、麥芽糖、椰子油、蜂蜜 、大豆 ', '2019-11-02 14:16:00'),
(173, 7, '堅果夏威夷豆塔', 500, '2小時', '1顆星', '蛋素', '其他', '24個', '\"', '餅乾', '夏威夷豆、核桃、杏仁豆、麵粉、雞蛋、糖、安佳鮮奶油、安佳無鹽奶油。 ', '2019-11-03 14:16:00'),
(174, 7, '杏仁巧克力塔', 500, '2小時', '1顆星', '蛋素', '巧克力', '24個', '\"', '餅乾', '杏仁粒、巧克力、麵粉、雞蛋。', '2019-11-04 14:16:00'),
(175, 7, '腰果豆塔', 500, '2小時', '1顆星', '蛋奶素', '其他', '24個', '\"', '餅乾', '腰果、麵粉、雞蛋、糖、安佳鮮奶油、安佳無鹽奶油。', '2019-11-05 14:16:00'),
(176, 7, '舞彩繽紛', 3500, '3小時', '3顆星', '蛋奶素', '覆盆子', '1個', '8吋', '蛋糕', '法國天然發酵法國天然發酵奶油、覆盆子、蛋、牛奶', '2019-11-01 14:25:00'),
(177, 7, '粉色玫瑰', 3500, '3小時', '3顆星', '蛋奶素', '覆盆子', '1個', '8吋', '蛋糕', '法國天然發酵法國天然發酵奶油、覆盆子、蛋、牛奶、香蕉 、抹茶  ', '2019-11-02 14:25:00'),
(178, 7, '白色之戀', 3500, '3小時', '3顆星', '蛋奶素', '抹茶', '1個', '8吋', '蛋糕', '法國天然發酵法國天然發酵奶油、覆盆子、蛋、牛奶', '2019-11-03 14:25:00'),
(179, 7, '粉色花籬', 2500, '3小時', '3顆星', '蛋奶素', '覆盆子', '1個', '4吋', '蛋糕', '法國天然發酵法國天然發酵奶油、覆盆子、蛋、牛奶', '2019-11-04 14:25:00'),
(180, 7, '新月', 3000, '3小時', '3顆星', '蛋奶素', '其他', '1個', '6吋', '蛋糕', '', '2019-11-05 14:25:00'),
(181, 7, '獨角獸', 3000, '3小時', '3顆星', '蛋奶素', '覆盆子', '1個', '6吋', '蛋糕', '法國天然發酵法國天然發酵奶油、覆盆子、蛋、牛奶', '2019-11-06 14:25:00'),
(182, 7, '立體玫瑰花杯子蛋糕', 650, '2小時', '3顆星', '蛋奶素', '覆盆子', '6個', '\"', '蛋糕', '法國天然發酵法國天然發酵奶油、覆盆子、蛋、牛奶', '2019-11-07 14:25:00'),
(183, 7, '心心相印', 3000, '3小時', '3顆星', '蛋奶素', '覆盆子', '1個', '6吋', '蛋糕', '蛋、牛奶、砂糖、法國天然發酵奶油、麵粉、天然香草精', '2019-11-08 14:25:00'),
(184, 7, '玫瑰圓舞曲', 4000, '3小時', '3顆星', '蛋奶素', '覆盆子', '1個', '8吋', '蛋糕', '蛋、牛奶、砂糖、法國天然發酵奶油、麵粉、天然香草精、覆盆子、抹茶', '2019-11-09 14:25:00'),
(185, 7, '薔薇之戀', 4000, '3小時', '3顆星', '蛋奶素', '其他', '1個', '8吋', '蛋糕', '蛋、牛奶、砂糖、法國天然發酵奶油、麵粉、天然香草精、覆盆子、抹茶、黑醋栗', '2019-11-10 14:25:00'),
(186, 7, '提拉米蘇', 600, '2小時', '2顆星', '蛋奶素', '巧克力', '1個', '5吋', '蛋糕', '巧克力、海藻糖、白蘭地、乳酪、咖啡、可可粉、奶油、雞蛋', '2019-11-01 14:44:00'),
(187, 7, '歐培拉', 850, '2小時', '2顆星', '蛋奶素', '巧克力', '1個', '\"', '蛋糕', '杏仁蛋糕、咖啡酒、咖啡奶油霜、比利時巧克力、雞蛋、奶油', '2019-11-02 14:44:00'),
(188, 7, '經典鑽石蛋糕', 800, '3小時', '3顆星', '蛋奶素', '檸檬', '1個', '5吋', '蛋糕', '蜜漬柚子醬、現榨檸檬汁、法國葡萄柚果泥、雞蛋、法國總統鮮奶油、覆盆莓果、柑橘', '2019-11-03 14:44:00'),
(189, 7, '蒙布朗', 700, '2小時', '2顆星', '葷', '其他', '1個', '5吋', '蛋糕', '雞蛋、細砂糖、低筋麵粉、栗子、黃砂糖、動物性鮮奶油、無鹽奶油、咖啡酒', '2019-11-04 14:44:00'),
(190, 7, '重乳酪', 600, '2小時', '2顆星', '蛋奶素', '其他', '1個', '6吋', '蛋糕', '海藻糖、PEARL珍珠薄力粉、奶油乳酪、入蛋黃、法國伊思妮奶油與現榨檸檬汁', '2019-11-05 14:44:00'),
(191, 7, '黑森林', 900, '3小時', '3顆星', '蛋奶素', '巧克力', '1個', '\"', '蛋糕', '法國進口100%可可粉、奶油、酒漬櫻桃與櫻桃果醬', '2019-11-06 14:44:00'),
(192, 7, '奇蹟磅蛋糕-抹茶', 550, '2小時', '2顆星', '蛋奶素', '抹茶', '1個', '\"', '蛋糕', '小山園抹茶、黑糖、麵粉、雞蛋、奶油', '2019-11-07 14:44:00'),
(193, 7, '磅蛋糕-橙香百香果', 550, '2小時', '2顆星', '蛋奶素', '其他', '1個', '\"', '蛋糕', '柳橙果泥、百香果果泥、麵粉、雞蛋、奶油', '2019-11-08 14:44:00'),
(194, 7, '燕麥雲朵戚風', 550, '2小時', '2顆星', '蛋奶素', '其他', '1個', '8吋', '蛋糕', '燕麥粉、雞蛋、牛奶、鹽、細砂糖', '2019-11-09 14:44:00'),
(195, 7, '翻轉蘋果蛋糕', 750, '2小時', '2顆星', '奶素', '其他', '1個', '8吋', '蛋糕', '焦糖蘋果 、 發酵奶油 、 新鮮雞蛋 、 日本麵粉 、 砂糖 、 杏仁粉 、 牛奶', '2019-11-10 14:44:00'),
(196, 7, '水果蛋糕捲', 650, '2小時', '2顆星', '蛋奶素', '其他', '1個', '\"', '蛋糕', '當季新鮮水果 、 法國鮮奶油 ', '2019-11-11 14:44:00'),
(197, 7, '香草雲朵戚風', 550, '2小時', '2顆星', '蛋奶素', '香草', '1個', '8吋', '蛋糕', '日本麵粉 、 牧場雞蛋 、 天然香草莢 、 牧場鮮乳', '2019-11-12 14:44:00'),
(198, 7, '芒果鮮奶油蛋糕', 650, '2小時', '2顆星', '奶素', '香草', '1個', '8吋', '蛋糕', '新鮮芒果 、 紐西蘭奇異果 、 新鮮藍莓 、 法國鮮奶油 、 香草 、 天然香草籽 、 日本麵粉', '2019-11-13 14:44:00'),
(199, 7, '莓果帕芙洛娃', 600, '2小時', '2顆星', '蛋奶素', '草莓', '1個', '8吋', '蛋糕', '蛋白霜 、 天然香草籽 、 法國鮮奶油 、 新鮮莓果 、 紐西蘭奇異果 、 莓果果醬', '2019-11-01 15:25:00'),
(200, 7, '法式草莓蛋糕', 650, '2小時', '3顆星', '奶素', '草莓', '1個', '8吋', '蛋糕', '大湖草莓 、 法國鮮奶油 、 天然香草莢 、 卡士達醬 、 新鮮藍莓', '2019-11-02 15:25:00'),
(201, 7, '大理石乳酪蛋糕', 700, '3小時', '3顆星', '奶素', '香草', '1個', '6吋', '蛋糕', '發酵奶油 、 奶油乳酪 、 無糖優格 、 白乳酪 、 日本麵粉 、 天然香草莢 、 竹碳粉 、 砂糖 、 法國鮮奶油', '2019-11-03 15:25:00'),
(202, 7, '舒芙蕾乳酪蛋糕 ', 600, '2小時', '2顆星', '奶素', '其他', '1個', '6吋', '蛋糕', '法國奶油乳酪及牧場鮮乳', '2019-11-04 15:25:00'),
(203, 7, '雙倍巧克力布朗尼', 550, '2小時', '2顆星', '蛋奶素', '巧克力', '1個', '6吋', '蛋糕', '融合三種優質巧克力  、 新鮮雞蛋 、 日本麵粉 、 發酵奶油 、 黑蘭姆酒', '2019-11-05 15:25:00'),
(204, 7, '胡蘿蔔蛋糕', 550, '2小時', '2顆星', '蛋奶素', '其他', '1個', '6吋', '蛋糕', '日本麵粉 、 植物油 、 胡蘿蔔 、 砂糖 、 奶油乳酪 、 肉桂粉 、 雞蛋 ', '2019-11-06 15:25:00'),
(205, 7, '檸檬糖霜蛋糕 ', 750, '3小時', '3顆星', '蛋奶素', '檸檬', '1個', '6吋', '蛋糕', '檸檬、雞蛋、牛奶、鹽、細砂糖、日本麵粉', '2019-11-07 15:25:00'),
(206, 7, '抹茶雲朵戚風', 550, '2小時', '2顆星', '蛋奶素', '抹茶', '1個', '6吋', '蛋糕', '抹茶、雞蛋、牛奶、鹽、細砂糖、日本麵粉', '2019-11-08 15:25:00'),
(207, 7, '米歇爾可可雲朵戚風', 550, '2小時', '2顆星', '蛋奶素', '巧克力', '1個', '6吋', '蛋糕', '米歇爾科茲 Michel Cluizel 頂級純可可粉、雞蛋、牛奶、鹽、細砂糖、日本麵粉', '2019-11-09 15:25:00'),
(208, 7, '香橙磅蛋糕', 550, '2小時', '2顆星', '蛋奶素', '其他', '1個', '6吋', '蛋糕', '日本麵粉 、 發酵奶油 、 新鮮雞蛋 、 糖 、 甜橙 、 牧場鮮乳 、 蜜橙丁 ', '2019-11-10 15:25:00'),
(209, 7, '原味奶油斯康', 500, '1小時', '1顆星', '奶素', '其他', '6個', '\"', '點心', '日本麵粉 、 發酵奶油 、 動物性鮮奶油 、 糖 、 玫瑰鹽 、 無鋁泡打粉', '2019-11-11 15:25:00'),
(210, 7, '伯爵濃奶茶布丁', 500, '1小時', '1顆星', '蛋奶素', '茶類', '6個', '\"', '點心', '法國鮮奶油 、 牧場鮮乳 、 砂糖 、 Twinings伯爵茶 、 牧場雞蛋', '2019-11-12 15:25:00'),
(211, 7, '抹茶瑪德蓮 ', 500, '1小時', '1顆星', '蛋奶素', '抹茶', '12個', '\"', '點心', '無鹽奶油、低筋麵粉、雞蛋、抹茶、白砂糖、泡打粉、鮮奶', '2019-11-13 15:25:00'),
(212, 7, '焦糖布丁', 500, '1小時', '1顆星', '蛋奶素', '其他', '6個', '\"', '點心', '使用牧場雞蛋 、 天然香草莢 、 牧場鮮乳 、 法國鮮奶油製作 ', '2019-11-14 15:25:00'),
(213, 7, '香草瑪德蓮 ', 500, '1小時', '1顆星', '蛋奶素', '香草', '12個', '\"', '點心', '無鹽奶油、低筋麵粉、雞蛋、香草、白砂糖、泡打粉、鮮奶', '2019-11-15 15:25:00'),
(214, 7, '水果鮮奶油蛋糕', 650, '2小時', '2顆星', '蛋奶素', '其他', '1個', '6吋', '蛋糕', '新鮮水果 、 法國鮮奶油 、 米歇爾雲朵戚風  、 日本麵粉 、 植物油', '2019-11-16 15:25:00'),
(215, 7, '雙層花藝蛋糕', 700, '3小時', '3顆星', '蛋奶素', '其他', '1個', '6吋', '蛋糕', '香草戚風 、 法國鮮奶油 、 金箔 、 當季水果', '2019-11-17 15:25:00'),
(216, 7, '甜食系鮮奶油蛋糕', 750, '3小時', '3顆星', '蛋奶素', '其他', '1個', '6吋', '蛋糕', '香草戚風 、 法國鮮奶油 、 甜食裝飾', '2019-11-18 15:25:00'),
(217, 7, '花藝蛋糕', 750, '3小時', '3顆星', '蛋奶素', '其他', '1個', '6吋', '蛋糕', '香草戚風 、 法國鮮奶油 、 金箔 、 當季水果', '2019-11-19 15:25:00'),
(218, 7, '焦糖鮮奶油蛋糕', 650, '2小時', '2顆星', '奶素', '其他', '1個', '8吋', '蛋糕', '焦糖戚風 、 法國鮮奶油 、 手工熬煮海鹽焦糖醬 、 甜食裝飾', '2019-11-20 15:25:00'),
(219, 7, '可可鑽石餅乾 ', 500, '1小時', '1顆星', '奶素', '巧克力', '60個', '\"', '餅乾', '日本麵粉 、 發酵奶油 、 糖 、 玫瑰鹽 、 法芙娜可可粉 、 巧克力豆', '2019-11-21 15:25:00'),
(220, 7, '抹茶鑽石餅乾', 500, '1小時', '1顆星', '奶素', '抹茶', '60個', '\"', '餅乾', '日本麵粉 、 發酵奶油 、 糖 、 玫瑰鹽 、 日本抹茶粉 、 杏仁角', '2019-11-22 15:25:00'),
(221, 7, '紫薯鑽石餅乾', 500, '1小時', '1顆星', '奶素', '其他', '60個', '\"', '餅乾', '日本麵粉 、 發酵奶油 、 糖 、 玫瑰鹽 、 天然紫薯粉 、 優鮮沛蔓越莓', '2019-11-23 15:25:00'),
(222, 7, '香草鑽石餅乾 ', 500, '1小時', '1顆星', '奶素', '香草', '60個', '\"', '餅乾', '日本麵粉 、 發酵奶油 、 糖 、 玫瑰鹽 、 天然香草莢', '2019-11-24 15:25:00'),
(223, 7, '杏仁瓦片', 500, '1小時', '1顆星', '蛋奶素', '其他', '30個', '\"', '餅乾', '無鹽奶油、糖、麵粉、雞蛋、杏仁片', '2019-11-25 15:25:00'),
(224, 7, '巧克力雪球', 500, '1小時', '1顆星', '蛋奶素', '巧克力', '25個', '\"', '點心', '法芙娜可可粉 、 美國杏仁粉 、 日本麵粉', '2019-11-26 15:25:00'),
(225, 7, '抹茶雪球', 500, '1小時', '1顆星', '蛋奶素', '抹茶', '25個', '\"', '點心', '日本抹茶 、 美國杏仁粉 、 日本麵粉', '2019-11-27 15:25:00'),
(226, 7, '檸檬塔', 600, '2小時', '2顆星', '蛋奶素', '檸檬', '1個', '6吋', '蛋糕', '現榨檸檬汁 、 新鮮雞蛋 、 發酵奶油 、 蛋白霜裝飾', '2019-11-28 15:25:00'),
(227, 7, '草莓花圈塔 ', 750, '2小時', '2顆星', '蛋奶素', '草莓', '1個', '6吋', '蛋糕', '草莓、雞蛋、牛奶、鹽、細砂糖、日本麵粉', '2019-11-29 15:25:00'),
(228, 7, '泡菜豬肉鹹派', 850, '3小時', '3顆星', '葷', '其他', '1個', '6吋', '點心', '韓式泡菜 、 CAS標章肉品 、 雙倍起司', '2019-11-30 15:25:00'),
(229, 7, '戀戀奶香芋泥千層', 1300, '3小時', '3顆星', '蛋奶素', '其他', '1個', '8吋', '蛋糕', '安佳無鹽奶油、細砂糖、海藻糖、安田牧場雞蛋、美國進口牛奶、鹽巴、蘭姆酒、總統牌鮮奶油、日本昭和麵粉、嚴選芋頭', '2019-11-01 15:50:00'),
(230, 7, '抹茶泡芙', 550, '2小時', '1顆星', '蛋奶素', '抹茶', '6個', '\"', '點心', '安佳無鹽奶油、細砂糖、海藻糖、安田牧場雞蛋、美國進口牛奶、抹茶粉、總統牌鮮奶油、日本昭和麵粉、', '2019-11-02 15:50:00'),
(231, 7, '抹茶千層蛋糕', 1400, '3小時', '3顆星', '蛋奶素', '抹茶', '1個', '8吋', '蛋糕', '安佳無鹽奶油、細砂糖、海藻糖、安田牧場雞蛋、美國進口牛奶、鹽巴、蘭姆酒，總統牌鮮奶油、日式丸久小山園抹茶粉、日本昭和麵粉', '2019-11-03 15:50:00'),
(232, 7, '黑糖桂圓千層', 1500, '3小時', '3顆星', '蛋奶素', '其他', '1個', '8吋', '蛋糕', '安佳無鹽奶油、細砂糖、海藻糖、安田牧場雞蛋、美國進口牛奶、鹽巴、黑糖、桂圓，總統牌鮮奶油、日本昭和麵粉', '2019-11-04 15:50:00'),
(233, 7, '黑白配千層', 1500, '3小時', '3顆星', '蛋奶素', '其他', '1個', '8吋', '蛋糕', '安佳無鹽奶油、細砂糖、海藻糖、安田牧場雞蛋、美國進口牛奶、鹽巴、黑芝麻，總統牌鮮奶油、日本昭和麵粉', '2019-11-05 15:50:00'),
(234, 7, '黑爵士千層蛋糕罐', 700, '2小時', '1顆星', '蛋奶素', '香草', '6個', '\"', '點心', '安佳無鹽奶油、細砂糖、海藻糖、安田牧場雞蛋、美國進口牛奶、鹽巴、香草卡士達醬、頂級鮮奶油，總統牌鮮奶油、日本昭和麵粉', '2019-11-06 15:50:00'),
(235, 7, '黑爵士', 1600, '3小時', '3顆星', '蛋奶素', '香草', '1個', '8吋', '蛋糕', '牛奶、香草、細砂糖、oreo卡士達、竹碳粉、奶油、日本昭和低粉', '2019-11-07 15:50:00'),
(236, 7, '髒髒泡芙', 550, '2小時', '1顆星', '蛋奶素', '巧克力', '6個', '\"', '點心', '牛奶、巧克力、細砂糖、oreo卡士達、核桃、竹碳粉、奶油、日本昭和低粉', '2019-11-08 15:50:00'),
(237, 7, '金沙起士千層', 1500, '3小時', '3顆星', '蛋奶素', '其他', '1個', '8吋', '蛋糕', '安佳奶油、鹹蛋黃、海藻糖、切達乳酪、安田牧場雞蛋、美國進口牛奶、鹽巴、高粱酒、總統牌鮮奶油、日本昭和麵粉、自製香濃起士醬\n', '2019-11-09 15:50:00'),
(238, 7, '金桔檸檬千層', 1500, '3小時', '3顆星', '蛋奶素', '檸檬', '1個', '8吋', '蛋糕', '安佳奶油、金桔、海藻糖、切達乳酪、安田牧場雞蛋、美國進口牛奶、鹽巴、高粱酒、總統牌鮮奶油、日本昭和麵粉、自製香濃起士醬、檸檬\n', '2019-11-10 15:50:00'),
(239, 7, '蜂蜜千層', 1500, '3小時', '3顆星', '蛋奶素', '其他', '1個', '8吋', '蛋糕', '法國AOP認證依絲妮發酵奶油、南投天然龍眼蜂蜜、海藻糖、安田牧場雞蛋、美國進口牛奶、鹽巴、總統牌鮮奶油、日本昭和麵粉', '2019-11-11 15:50:00'),
(240, 7, '蜂巢蛋糕', 700, '2小時', '2顆星', '蛋奶素', '其他', '1個', '8吋', '蛋糕', '法國AOP認證依絲妮發酵奶油、南投天然龍眼蜂蜜、海藻糖、安田牧場雞蛋、美國進口牛奶、鹽巴、總統牌鮮奶油、日本昭和麵粉', '2019-11-12 15:50:00'),
(241, 7, '藍莓生乳千層蛋糕', 1500, '3小時', '3顆星', '蛋奶素', '其他', '1個', '8吋', '蛋糕', '安佳無鹽奶油、細砂糖、海藻糖、安田牧場雞蛋、美國進口牛奶、鹽巴、蘭姆酒、總統牌鮮奶油、日本昭和麵粉、馬茲卡彭生乳、嚴選新鮮藍莓', '2019-11-13 15:50:00'),
(242, 7, '莓果布雷斯特泡芙', 550, '2小時', '1顆星', '蛋奶素', '草莓', '6個', '\"', '點心', '總統牌鮮奶油、香草卡士達、自製蔓越莓醬、草莓果露、珍珠糖、馬茲卡彭乳酪、嚴選新鮮覆盆子、藍莓', '2019-11-14 15:50:00'),
(243, 7, '磐石', 1500, '3小時', '3顆星', '蛋奶素', '其他', '1個', '8吋', '蛋糕', '法國總統牌鮮奶油、馬達加斯加香草莢、日本昭和麵粉、蘭姆酒、天然花青素、自製手工香草卡士達醬、布丁、竹碳粉', '2019-11-15 15:50:00'),
(244, 7, '百香果千層', 1500, '3小時', '3顆星', '蛋奶素', '其他', '1個', '8吋', '蛋糕', '紐西蘭安佳無鹽奶油、新鮮百香果、新鮮檸檬，細砂糖，海藻糖、安田牧場雞蛋、美國進口牛奶、鹽巴、總統牌鮮奶油、日本昭和麵粉', '2019-11-16 15:50:00'),
(245, 7, '法式香草千層蛋糕', 1500, '3小時', '3顆星', '蛋奶素', '香草', '1個', '8吋', '蛋糕', '安佳無鹽奶油、細砂糖、海藻糖、安田牧場雞蛋、美國進口牛奶、鹽巴、蘭姆酒、總統牌鮮奶油、馬達加斯加香草豆莢、白蘭地、日本昭和麵粉', '2019-11-17 15:50:00'),
(246, 7, '法式香濃巧克力捲', 600, '2小時', '2顆星', '蛋奶素', '巧克力', '1個', '\"', '蛋糕', '法國AOP認證依絲妮發酵奶油、巧克力、安田牧場雞蛋、美國進口牛奶、鹽巴、總統牌鮮奶油、日本昭和麵粉', '2019-11-18 15:50:00'),
(247, 7, '木木甜心', 600, '2小時', '2顆星', '葷', '巧克力', '1個', '5吋', '蛋糕', '法國AOP認證依絲妮發酵奶油、巧克力、安田牧場雞蛋、美國進口牛奶、鹽巴、總統牌鮮奶油、日本昭和麵粉、吉利丁', '2019-11-19 15:50:00'),
(248, 7, '提拉米蘇千層蛋糕', 1600, '3小時', '3顆星', '葷', '巧克力', '1個', '8吋', '蛋糕', '法國AOP認證依絲妮發酵奶油、巧克力、安田牧場雞蛋、美國進口牛奶、鹽巴、總統牌鮮奶油、日本昭和麵粉、吉利丁', '2019-11-20 15:50:00'),
(249, 7, '巧克力千層蛋糕', 1500, '3小時', '3顆星', '蛋奶素', '巧克力', '1個', '8吋', '蛋糕', '安佳無鹽奶油、細砂糖、海藻糖、安田牧場雞蛋、美國進口牛奶、鹽巴、蘭姆酒、總統牌鮮奶油、法芙娜苦甜巧克力、日本昭和麵粉', '2019-11-21 15:50:00'),
(250, 7, '奶香芋泥捲', 600, '2小時', '2顆星', '蛋奶素', '其他', '1個', '\"', '蛋糕', '國AOP認證依絲妮發酵奶油、芋頭、安田牧場雞蛋、美國進口牛奶、鹽巴、總統牌鮮奶油、日本昭和麵粉', '2019-11-22 15:50:00'),
(251, 7, '愛戀絮語', 600, '2小時', '1顆星', '葷', '草莓', '6個', '\"', '點心', '德國發酵奶油、吉利丁、香草、覆盆子、草莓、蔓越莓、蜂蜜、海藻糖、安田牧場雞蛋、美國進口牛奶、鹽巴、總統牌鮮奶油、日本昭和麵粉', '2019-11-23 15:50:00'),
(252, 7, '美麗家園', 1200, '3小時', '3顆星', '蛋奶素', '覆盆子', '1個', '6吋', '蛋糕', '德國發酵奶油、覆盆子、藍莓、荔枝、蝶豆花、紅麴、蔓越莓、蜂蜜、海藻糖、安田牧場雞蛋、美國進口牛奶、鹽巴、總統牌鮮奶油、日本昭和麵粉', '2019-11-24 15:50:00'),
(253, 7, '抹茶千層蛋糕', 1600, '3小時', '3顆星', '蛋奶素', '抹茶', '1個', '8吋', '蛋糕', '安佳無鹽奶油、細砂糖、海藻糖、安田牧場雞蛋、美國進口牛奶、鹽巴、蘭姆酒，總統牌鮮奶油、日式丸久小山園抹茶粉、日本昭和麵粉', '2019-11-01 14:32:00'),
(254, 7, '炙燒黑焦千層蛋糕', 1600, '3小時', '3顆星', '蛋奶素', '其他', '1個', '8吋', '蛋糕', '安佳無鹽奶油、細砂糖、海藻糖、安田牧場雞蛋、美國進口牛奶、鹽巴、黑糖、焦糖、總統牌鮮奶油、日本昭和麵粉', '2019-11-02 14:32:00'),
(255, 7, '抹茶巴斯克起司蛋糕', 800, '2小時', '2顆星', '蛋奶素', '抹茶', '1個', '5吋', '蛋糕', '日式丸久小山園抹茶粉、奶油乳酪、細砂糖、雞蛋、動物性鮮奶油、日本昭和麵粉', '2019-11-03 14:32:00'),
(256, 7, '抹茶戚風蛋糕捲', 550, '2小時', '2顆星', '蛋奶素', '抹茶', '1個', '\"', '蛋糕', '日式丸久小山園抹茶粉、 牧場雞蛋 、 天然香草莢 、 牧場鮮乳、日本昭和麵粉', '2019-11-04 14:32:00'),
(257, 7, '栗子蒙布朗', 550, '2小時', '2顆星', '蛋奶素', '其他', '1個', '6吋', '蛋糕', '雞蛋、細砂糖、低筋麵粉、栗子、黃砂糖、動物性鮮奶油、無鹽奶油、咖啡酒', '2019-11-05 14:32:00'),
(258, 7, '抹茶提拉米蘇', 600, '2小時', '2顆星', '蛋奶素', '抹茶', '1個', '6吋', '蛋糕', '日式丸久小山園抹茶粉、巧克力、海藻糖、白蘭地、乳酪、咖啡、可可粉、奶油、雞蛋', '2019-11-06 14:32:00'),
(259, 7, '抹茶生巧克力蛋糕', 750, '2小時', '2顆星', '蛋奶素', '抹茶', '1個', '5吋', '蛋糕', '日式丸久小山園抹茶粉、巧克力、海藻糖、咖啡、可可粉、奶油、雞蛋', '2019-11-07 14:32:00'),
(260, 7, '抹茶生乳起司蛋糕', 600, '2小時', '2顆星', '葷', '抹茶', '1個', '5吋', '蛋糕', '日式丸久小山園抹茶粉、吉利丁、鮮奶、砂糖、奶油、雞蛋', '2019-11-08 14:32:00'),
(261, 7, '桂花白玉芝麻戚風', 850, '3小時', '3顆星', '蛋奶素', '其他', '1個', '6吋', '蛋糕', '黑芝、雞蛋、牛奶、鹽、細砂糖、日本麵粉、天然桂花蜜、白玉麻糬', '2019-11-01 17:00:00'),
(262, 7, '抹茶紅豆白玉戚風', 1500, '3小時', '3顆星', '蛋奶素', '抹茶', '1個', '8吋', '蛋糕', '抹茶、雞蛋、牛奶、鹽、細砂糖、日本紅豆、日本麵粉、白玉麻糬', '2019-11-02 17:00:00'),
(263, 7, '荔香乳酪烏龍戚風', 1500, '3小時', '3顆星', '蛋奶素', '茶類', '1個', '8吋', '蛋糕', '荔枝、烏龍茶、法國鐵塔牌鮮奶油、日本麵粉、雞蛋、牛奶、鹽', '2019-11-03 17:00:00'),
(264, 7, '玫瑰覆盆子荔枝戚風', 850, '3小時', '3顆星', '蛋奶素', '覆盆子', '1個', '5吋', '蛋糕', '法國鐵塔牌鮮奶油、日本上白糖、日本麵粉、英國伯爵茶、法國覆盆子、屏東玫瑰、荔枝果肉', '2019-11-04 17:00:00'),
(265, 7, '法式水果千層', 1600, '3小時', '3顆星', '蛋奶素', '其他', '1個', '8吋', '蛋糕', '安佳無鹽奶油、細砂糖、海藻糖、安田牧場雞蛋、美國進口牛奶、鹽巴、總統牌鮮奶油、日本昭和麵粉、馬茲卡彭生乳、水果', '2019-11-05 17:00:00'),
(266, 7, '橘香榛果可可戚風', 750, '2小時', '2顆星', '蛋奶素', '巧克力', '1個', '5吋', '蛋糕', '安佳無鹽奶油、細砂糖、海藻糖、安田牧場雞蛋、美國進口牛奶、鹽巴、總統牌鮮奶油、日本昭和麵粉、橘子、榛果', '2019-11-06 17:00:00'),
(267, 7, '英式太妃糖花生戚風', 750, '2小時', '2顆星', '蛋奶素', '其他', '1個', '5吋', '蛋糕', '安佳無鹽奶油、細砂糖、海藻糖、安田牧場雞蛋、美國進口牛奶、鹽巴、總統牌鮮奶油、日本昭和麵粉、英式太妃糖、花生', '2019-11-07 17:00:00'),
(268, 7, '伯爵芋泥生乳捲', 700, '2小時', '2顆星', '蛋奶素', '茶類', '1個', '\"', '蛋糕', '安佳無鹽奶油、細砂糖、海藻糖、安田牧場雞蛋、美國進口牛奶、鹽巴、總統牌鮮奶油、日本昭和麵粉、馬茲卡彭生乳、伯爵茶、芋頭', '2019-11-08 17:00:00'),
(269, 7, '栗子甜薯戚風捲', 700, '2小時', '2顆星', '蛋奶素', '其他', '1個', '\"', '蛋糕', '安佳無鹽奶油、細砂糖、海藻糖、安田牧場雞蛋、美國進口牛奶、鹽巴、總統牌鮮奶油、日本昭和麵粉、馬茲卡彭生乳、栗子、蘭姆酒、地瓜', '2019-11-09 17:00:00'),
(270, 7, '海鹽焦糖千層', 1600, '3小時', '3顆星', '蛋奶素', '其他', '1個', '8吋', '蛋糕', '安佳無鹽奶油、細砂糖、海藻糖、安田牧場雞蛋、美國進口牛奶、鹽巴、總統牌鮮奶油、日本昭和麵粉、馬茲卡彭生乳、海鹽、焦糖', '2019-11-10 17:00:00'),
(271, 7, '茉香奶綠千層', 1600, '3小時', '3顆星', '蛋奶素', '茶類', '1個', '8吋', '蛋糕', '安佳無鹽奶油、細砂糖、海藻糖、安田牧場雞蛋、美國進口牛奶、鹽巴、總統牌鮮奶油、日本昭和麵粉、馬茲卡彭生乳、茉莉綠茶、奶茶', '2019-11-11 17:00:00'),
(272, 7, '可可草莓千層', 1600, '3小時', '3顆星', '蛋奶素', '草莓', '1個', '8吋', '蛋糕', '安佳無鹽奶油、細砂糖、海藻糖、安田牧場雞蛋、美國進口牛奶、鹽巴、總統牌鮮奶油、日本昭和麵粉、馬茲卡彭生乳、可可粉、巧克力、草莓', '2019-11-12 17:00:00'),
(273, 7, '金柚抹茶戚風', 800, '3小時', '3顆星', '蛋奶素', '抹茶', '1個', '5吋', '蛋糕', '安佳無鹽奶油、細砂糖、海藻糖、安田牧場雞蛋、美國進口牛奶、鹽巴、總統牌鮮奶油、日本昭和麵粉、馬茲卡彭生乳、柚子、抹茶', '2019-11-13 17:00:00'),
(274, 7, '伯爵芋泥布丁戚風', 900, '3小時', '3顆星', '蛋奶素', '茶類', '1個', '6吋', '蛋糕', '安佳無鹽奶油、細砂糖、海藻糖、安田牧場雞蛋、美國進口牛奶、鹽巴、總統牌鮮奶油、日本昭和麵粉、伯爵茶、芋頭、布丁', '2019-11-14 17:00:00'),
(275, 7, '伯爵焦糖蘋果戚風', 700, '3小時', '3顆星', '蛋奶素', '茶類', '1個', '6吋', '蛋糕', '安佳無鹽奶油、細砂糖、海藻糖、安田牧場雞蛋、美國進口牛奶、鹽巴、總統牌鮮奶油、日本昭和麵粉、伯爵茶、焦糖、蘋果', '2019-11-15 17:00:00'),
(276, 7, '藍莓優格乳酪戚風', 850, '3小時', '3顆星', '蛋奶素', '其他', '1個', '6吋', '蛋糕', '安佳無鹽奶油、細砂糖、海藻糖、安田牧場雞蛋、美國進口牛奶、鹽巴、總統牌鮮奶油、日本昭和麵粉、馬茲卡彭生乳、藍莓', '2019-11-16 17:00:00'),
(277, 7, '柚香烏龍戚風', 750, '3小時', '3顆星', '蛋奶素', '茶類', '1個', '6吋', '蛋糕', '安佳無鹽奶油、細砂糖、海藻糖、安田牧場雞蛋、美國進口牛奶、鹽巴、總統牌鮮奶油、日本昭和麵粉、馬茲卡彭生乳、柚子、烏龍茶', '2019-11-17 17:00:00'),
(278, 7, '草莓濃可可戚風', 800, '2小時', '2顆星', '蛋奶素', '草莓', '1個', '6吋', '蛋糕', '安佳無鹽奶油、細砂糖、海藻糖、安田牧場雞蛋、美國進口牛奶、鹽巴、總統牌鮮奶油、日本昭和麵粉、草莓、可可粉、巧克力', '2019-11-18 17:00:00'),
(279, 7, '蜜橙伯爵紅茶戚風', 750, '2小時', '2顆星', '蛋奶素', '茶類', '1個', '6吋', '蛋糕', '安佳無鹽奶油、細砂糖、海藻糖、安田牧場雞蛋、美國進口牛奶、鹽巴、總統牌鮮奶油、日本昭和麵粉、馬茲卡彭生乳、柳橙、伯爵紅茶', '2019-11-19 17:00:00'),
(280, 7, '野莓果園夾心戚風', 800, '2小時', '2顆星', '蛋奶素', '其他', '1個', '6吋', '蛋糕', '安佳無鹽奶油、細砂糖、海藻糖、安田牧場雞蛋、美國進口牛奶、鹽巴、蘭姆酒、總統牌鮮奶油、日本昭和麵粉、馬茲卡彭生乳、嚴選新鮮野莓', '2019-11-20 17:00:00'),
(281, 7, '繽紛水果夾心戚風', 750, '2小時', '2顆星', '蛋奶素', '香草', '1個', '6吋', '蛋糕', '安佳無鹽奶油、細砂糖、海藻糖、安田牧場雞蛋、美國進口牛奶、鹽巴、蘭姆酒、總統牌鮮奶油、日本昭和麵粉、馬茲卡彭生乳、新鮮水果', '2019-11-21 17:00:00'),
(282, 7, '桃心伯爵紅茶戚風', 700, '2小時', '2顆星', '蛋奶素', '茶類', '1個', '6吋', '蛋糕', '安佳無鹽奶油、細砂糖、海藻糖、安田牧場雞蛋、美國進口牛奶、鹽巴、總統牌鮮奶油、日本昭和麵粉、馬茲卡彭生乳、桃子、伯爵紅茶', '2019-11-22 17:00:00'),
(283, 7, '榛果焦糖蘋果捲', 700, '2小時', '2顆星', '蛋奶素', '其他', '1個', '\"', '蛋糕', '安佳無鹽奶油、細砂糖、海藻糖、安田牧場雞蛋、美國進口牛奶、鹽巴、總統牌鮮奶油、日本昭和麵粉、榛果、焦糖、蘋果', '2019-11-23 17:00:00'),
(284, 7, '葡萄柚伯爵茶捲', 700, '2小時', '2顆星', '蛋奶素', '茶類', '1個', '\"', '蛋糕', '安佳無鹽奶油、細砂糖、海藻糖、安田牧場雞蛋、美國進口牛奶、鹽巴、總統牌鮮奶油、日本昭和麵粉、馬茲卡彭生乳、葡萄柚、伯爵茶', '2019-11-24 17:00:00'),
(285, 7, '抹茶草莓生乳捲', 700, '2小時', '2顆星', '蛋奶素', '抹茶、草莓', '1個', '\"', '蛋糕', '安佳無鹽奶油、細砂糖、海藻糖、安田牧場雞蛋、美國進口牛奶、鹽巴、總統牌鮮奶油、日本昭和麵粉、馬茲卡彭生乳、抹茶、草莓', '2019-11-25 17:00:00'),
(286, 7, '巧克力水果捲', 700, '2小時', '2顆星', '蛋奶素', '巧克力', '1個', '\"', '蛋糕', '安佳無鹽奶油、細砂糖、海藻糖、安田牧場雞蛋、美國進口牛奶、鹽巴、總統牌鮮奶油、日本昭和麵粉、馬茲卡彭生乳、巧克力、新鮮水果', '2019-11-26 17:00:00'),
(287, 7, '提拉米蘇生乳捲', 700, '2小時', '2顆星', '蛋奶素', '巧克力', '1個', '\"', '蛋糕', '安佳無鹽奶油、細砂糖、海藻糖、安田牧場雞蛋、美國進口牛奶、鹽巴、總統牌鮮奶油、日本昭和麵粉、馬茲卡彭生乳、巧克力、可可粉', '2019-11-27 17:00:00'),
(288, 7, '可可樹戚風捲', 700, '2小時', '2顆星', '蛋奶素', '巧克力', '1個', '\"', '蛋糕', '安佳無鹽奶油、細砂糖、海藻糖、安田牧場雞蛋、美國進口牛奶、鹽巴、總統牌鮮奶油、日本昭和麵粉、馬茲卡彭生乳、可可粉、巧克力', '2019-11-01 17:05:00'),
(289, 7, '莓果花園', 550, '2小時', '2顆星', '蛋奶素', '其他', '1個', '\"', '蛋糕', '法國AOP認證發酵奶油、法國鐵塔牌鮮奶油、日本製麵粉、日本上白糖、新鮮雞蛋', '2019-11-02 17:05:00'),
(290, 7, '甜檸之森', 550, '2小時', '2顆星', '蛋奶素', '檸檬', '1個', '\"', '蛋糕', '法國AOP認證發酵奶油、法國鐵塔牌鮮奶油、日本製麵粉、日本上白糖、新鮮雞蛋、新鮮檸檬', '2019-11-03 17:05:00'),
(291, 7, '伯爵紅茶千層蛋糕', 700, '2小時', '2顆星', '蛋奶素', '茶類', '1個', '6吋', '蛋糕', '安佳無鹽奶油、細砂糖、海藻糖、安田牧場雞蛋、美國進口牛奶、鹽巴、蘭姆酒、總統牌鮮奶油、日本昭和麵粉、馬茲卡彭生乳、葡萄柚、伯爵茶', '2019-11-04 17:05:00'),
(292, 7, '抹茶杏仁捲心酥', 500, '2小時', '1顆星', '蛋素', '抹茶', '30個', '\"', '餅乾', '抹茶、巧克力、麵粉、雞蛋', '2019-11-01 17:15:00'),
(293, 7, '抹茶杏仁巧克力', 500, '2小時', '1顆星', '蛋素', '抹茶', '120個', '\"', '餅乾', '抹茶、巧克力、麵粉、雞蛋', '2019-11-02 17:15:00'),
(294, 7, '抹茶牛軋雪花酥', 500, '2小時', '1顆星', '蛋素', '抹茶', '50個', '\"', '餅乾', '抹茶、蔓越莓、海藻糖、麵粉、雞蛋', '2019-11-03 17:15:00'),
(295, 7, '麝香葡萄鮮奶油', 1300, '3小時', '3顆星', '蛋奶素', '其他', '1個', '6吋', '蛋糕', '安佳無鹽奶油、細砂糖、海藻糖、安田牧場雞蛋、美國進口牛奶、鹽巴、蘭姆酒、總統牌鮮奶油、日本昭和麵粉、馬茲卡彭生乳、葡萄', '2019-11-01 17:39:00'),
(296, 7, '抹茶千層蛋糕', 1500, '3小時', '3顆星', '蛋奶素', '抹茶', '1個', '6吋', '蛋糕', '安佳無鹽奶油、細砂糖、海藻糖、安田牧場雞蛋、美國進口牛奶、鹽巴、蘭姆酒、總統牌鮮奶油、日本昭和麵粉、馬茲卡彭生乳、葡萄', '2019-11-02 17:39:00'),
(297, 7, '京都之舞', 1000, '3小時', '3顆星', '蛋奶素', '抹茶', '1個', '6吋', '蛋糕', '安佳無鹽奶油、細砂糖、海藻糖、安田牧場雞蛋、美國進口牛奶、鹽巴、蘭姆酒、總統牌鮮奶油、日本昭和麵粉、馬茲卡彭生乳、葡萄', '2019-11-03 17:39:00'),
(298, 7, '栗子鮮奶油蛋糕', 1300, '3小時', '3顆星', '蛋奶素', '其他', '1個', '6吋', '蛋糕', '安佳無鹽奶油、細砂糖、海藻糖、安田牧場雞蛋、美國進口牛奶、鹽巴、蘭姆酒、總統牌鮮奶油、日本昭和麵粉、馬茲卡彭生乳、葡萄', '2019-11-04 17:39:00'),
(299, 7, '香橙OREO乳酪', 1000, '3小時', '3顆星', '蛋奶素', '巧克力', '1個', '6吋', '蛋糕', '安佳無鹽奶油、細砂糖、海藻糖、安田牧場雞蛋、美國進口牛奶、鹽巴、蘭姆酒、總統牌鮮奶油、日本昭和麵粉、馬茲卡彭生乳、葡萄', '2019-11-05 17:39:00'),
(300, 7, '微醺森林', 1100, '3小時', '3顆星', '蛋奶素', '巧克力', '1個', '6吋', '蛋糕', '安佳無鹽奶油、細砂糖、海藻糖、安田牧場雞蛋、美國進口牛奶、鹽巴、蘭姆酒、總統牌鮮奶油、日本昭和麵粉、馬茲卡彭生乳、葡萄', '2019-11-06 17:39:00'),
(301, 7, '花園', 1100, '3小時', '3顆星', '蛋奶素', '草莓', '1個', '6吋', '蛋糕', '安佳無鹽奶油、細砂糖、海藻糖、安田牧場雞蛋、美國進口牛奶、鹽巴、蘭姆酒、總統牌鮮奶油、日本昭和麵粉、馬茲卡彭生乳、葡萄', '2019-11-07 17:39:00'),
(302, 7, '經典巧克力蛋糕', 1000, '3小時', '3顆星', '蛋奶素', '巧克力', '1個', '6吋', '蛋糕', '安佳無鹽奶油、細砂糖、海藻糖、安田牧場雞蛋、美國進口牛奶、鹽巴、蘭姆酒、總統牌鮮奶油、日本昭和麵粉、馬茲卡彭生乳、葡萄', '2019-11-08 17:39:00'),
(303, 7, '頂級香草乳酪蛋糕', 1000, '3小時', '3顆星', '蛋奶素', '香草', '1個', '6吋', '蛋糕', '安佳無鹽奶油、細砂糖、海藻糖、安田牧場雞蛋、美國進口牛奶、鹽巴、蘭姆酒、總統牌鮮奶油、日本昭和麵粉、馬茲卡彭生乳、葡萄', '2019-11-09 17:39:00'),
(304, 7, '白天使蛋糕', 1100, '3小時', '3顆星', '蛋奶素', '其他', '1個', '6吋', '蛋糕', '安佳無鹽奶油、細砂糖、海藻糖、安田牧場雞蛋、美國進口牛奶、鹽巴、蘭姆酒、總統牌鮮奶油、日本昭和麵粉、馬茲卡彭生乳、葡萄', '2019-11-10 17:39:00'),
(305, 7, 'Amedei巧克力蛋糕', 1200, '3小時', '3顆星', '蛋奶素', '巧克力', '1個', '6吋', '蛋糕', '安佳無鹽奶油、細砂糖、海藻糖、安田牧場雞蛋、美國進口牛奶、鹽巴、蘭姆酒、總統牌鮮奶油、日本昭和麵粉、馬茲卡彭生乳、葡萄', '2019-11-11 17:39:00'),
(306, 7, '繽紛', 1000, '3小時', '3顆星', '蛋奶素', '其他', '1個', '6吋', '蛋糕', '安佳無鹽奶油、細砂糖、海藻糖、安田牧場雞蛋、美國進口牛奶、鹽巴、蘭姆酒、總統牌鮮奶油、日本昭和麵粉、馬茲卡彭生乳、葡萄', '2019-11-12 17:39:00'),
(307, 7, '維也納', 550, '2小時', '2顆星', '蛋奶素', '其他', '3個', '\"', ' 麵包', '安佳無鹽奶油、細砂糖、海藻糖、安田牧場雞蛋、美國進口牛奶、鹽巴、蘭姆酒、總統牌鮮奶油、日本昭和麵粉、馬茲卡彭生乳、葡萄', '2019-11-13 17:39:00'),
(308, 7, '黑糖大理石', 550, '2小時', '2顆星', '蛋奶素', '巧克力', '3個', '\"', ' 麵包', '安佳無鹽奶油、細砂糖、海藻糖、安田牧場雞蛋、美國進口牛奶、鹽巴、蘭姆酒、總統牌鮮奶油、日本昭和麵粉、馬茲卡彭生乳、葡萄', '2019-11-14 17:39:00'),
(309, 7, '巧克力大理石', 550, '2小時', '2顆星', '蛋奶素', '其他', '1個', '\"', ' 麵包', '進口日本麵粉、麥香、日本大阪巧克力醬與法國進口無水奶油', '2019-11-15 17:39:00'),
(310, 7, '蒜香法國', 550, '2小時', '2顆星', '蛋奶素', '其他', '3個', '\"', ' 麵包', '台灣麵粉、自製魯邦菌種可與香蒜醬。', '2019-11-16 17:39:00'),
(311, 7, '奶黃麻糬', 600, '2小時', '2顆星', '蛋奶素', '其他', '6個', '\"', ' 麵包', '日本進口麵粉、自製奶皇餡、麻糬', '2019-11-17 17:39:00'),
(312, 7, '青蔥麵包', 550, '2小時', '2顆星', '蛋奶素', '其他', '3個', '\"', ' 麵包', '日本麵粉、紐西蘭起士片、發酵法國奶油', '2019-11-18 17:39:00'),
(313, 7, '明太子法國', 550, '2小時', '2顆星', '蛋奶素', '其他', '3個', '\"', ' 麵包', '日本麵粉、紐西蘭起士片、發酵法國奶油', '2019-11-19 17:39:00'),
(314, 7, '芝麻軟法', 550, '2小時', '2顆星', '蛋奶素', '其他', '3個', '\"', ' 麵包', '日本麵粉、紐西蘭起士片、發酵法國奶油', '2019-11-20 17:39:00'),
(315, 7, '手撕麵包', 600, '2小時', '2顆星', '蛋奶素', '其他', '6個', '\"', ' 麵包', '日本麵粉、紐西蘭起士片、發酵法國奶油', '2019-11-21 17:39:00'),
(316, 7, '巨蛋菠蘿', 650, '2小時', '2顆星', '蛋奶素', '其他', '3個', '\"', ' 麵包', '日本麵粉、紐西蘭起士片、發酵法國奶油', '2019-11-22 17:39:00'),
(317, 7, '起士奶油捲', 600, '2小時', '2顆星', '蛋奶素', '其他', '6個', '\"', ' 麵包', '日本麵粉、紐西蘭起士片、發酵法國奶油', '2019-11-01 18:00:00'),
(318, 7, '鹽之花法國奶油捲', 600, '2小時', '2顆星', '蛋奶素', '其他', '6個', '\"', ' 麵包', '日本麵粉、紐西蘭起士片、發酵法國奶油', '2019-11-01 18:00:01'),
(319, 7, '番茄多倫', 600, '2小時', '2顆星', '蛋奶素', '其他', '2個', '\"', ' 麵包', '日本麵粉、紐西蘭起士片、發酵法國奶油', '2019-11-01 18:00:02'),
(320, 7, '裸麥高纖', 700, '2小時', '2顆星', '蛋奶素', '其他', '1個', '\"', ' 麵包', '日本麵粉、紐西蘭起士片、發酵法國奶油', '2019-11-01 18:00:03'),
(321, 7, '薩爾斯堡', 700, '2小時', '2顆星', '蛋奶素', '其他', '2個', '\"', ' 麵包', '日本麵粉、紐西蘭起士片、發酵法國奶油', '2019-11-01 18:00:04'),
(322, 7, '鹽味香頌', 550, '2小時', '2顆星', '蛋奶素', '其他', '3個', '\"', ' 麵包', '日本麵粉、紐西蘭起士片、發酵法國奶油', '2019-11-01 18:00:05'),
(323, 7, '菠菜起司', 600, '2小時', '2顆星', '蛋奶素', '其他', '2個', '\"', ' 麵包', '日本麵粉、紐西蘭起士片、發酵法國奶油', '2019-11-01 18:00:06'),
(324, 7, '亞麻子乳酪', 550, '2小時', '2顆星', '蛋奶素', '其他', '2個', '\"', ' 麵包', '日本麵粉、紐西蘭起士片、發酵法國奶油', '2019-11-01 18:00:07'),
(325, 7, '甜酥香栗', 550, '2小時', '2顆星', '蛋奶素', '其他', '2個', '\"', ' 麵包', '日本麵粉、紐西蘭起士片、發酵法國奶油', '2019-11-01 18:00:08'),
(326, 7, '芭蕾堅果', 550, '2小時', '2顆星', '蛋奶素', '其他', '3個', '\"', ' 麵包', '日本麵粉、紐西蘭起士片、發酵法國奶油', '2019-11-01 18:00:09'),
(327, 7, '松子紅豆吐司', 600, '2小時', '2顆星', '蛋奶素', '其他', '1個', '\"', ' 麵包', '日本麵粉、紐西蘭起士片、發酵法國奶油', '2019-11-01 18:00:10'),
(328, 7, '燕麥無花果', 550, '2小時', '2顆星', '蛋奶素', '其他', '3個', '\"', ' 麵包', '日本麵粉、紐西蘭起士片、發酵法國奶油', '2019-11-01 18:00:11'),
(329, 7, '日式菠蘿', 550, '2小時', '2顆星', '蛋奶素', '其他', '3個', '\"', ' 麵包', '日本麵粉、紐西蘭起士片、發酵法國奶油', '2019-11-01 18:00:12'),
(330, 7, '樂活地瓜', 600, '2小時', '2顆星', '蛋奶素', '其他', '2個', '\"', ' 麵包', '日本麵粉、紐西蘭起士片、發酵法國奶油', '2019-11-01 18:00:13'),
(331, 7, '肉桂捲', 650, '2小時', '2顆星', '蛋奶素', '其他', '3個', '\"', ' 麵包', '日本麵粉、紐西蘭起士片、發酵法國奶油', '2019-11-01 18:00:14'),
(332, 7, '水果多重奏', 700, '2小時', '2顆星', '蛋奶素', '其他', '1個', '\"', ' 麵包', '日本麵粉、紐西蘭起士片、發酵法國奶油', '2019-11-01 18:00:15'),
(333, 7, '玄米吐司', 550, '2小時', '2顆星', '蛋奶素', '其他', '1個', '\"', ' 麵包', '日本麵粉、紐西蘭起士片、發酵法國奶油', '2019-11-01 18:00:16'),
(334, 7, '原味牛軋糖', 500, '2小時', '1顆星', '蛋奶素', '其他', '80個', '\"', '點心', '日本麵粉、紐西蘭起士片、發酵法國奶油', '2019-11-01 18:00:17'),
(335, 7, '草莓牛軋糖', 500, '2小時', '1顆星', '蛋奶素', '草莓', '80個', '\"', '點心', '日本麵粉、紐西蘭起士片、發酵法國奶油', '2019-11-01 18:00:18'),
(336, 7, '楊桃牛軋糖', 500, '2小時', '1顆星', '蛋奶素', '其他', '80個', '\"', '點心', '日本麵粉、紐西蘭起士片、發酵法國奶油', '2019-11-01 18:00:19'),
(337, 7, '鳳梨牛軋糖', 500, '2小時', '1顆星', '蛋奶素', '其他', '80個', '\"', '點心', '日本麵粉、紐西蘭起士片、發酵法國奶油', '2019-11-01 18:00:20'),
(338, 7, '花生手工蛋捲 ', 550, '2小時', '1顆星', '蛋奶素', '其他', '24個', '\"', '餅乾', '安佳天然奶油、牛奶、水、鹽、雞蛋、花生', '2019-11-01 18:00:21'),
(339, 7, '巧克力手工蛋捲 ', 550, '2小時', '1顆星', '蛋奶素', '巧克力', '24個', '\"', '餅乾', '安佳天然奶油、雞蛋、蔓越莓果乾、鳳梨餡', '2019-11-01 18:00:22'),
(340, 7, '蔓越莓鳳梨酥', 500, '2小時', '1顆星', '蛋奶素', '其他', '12個', '\"', '餅乾', '鳳梨、蔓越莓、麵粉、奶油、蛋、糖', '2019-11-01 18:00:23'),
(341, 7, '鳳梨酥', 500, '2小時', '1顆星', '蛋奶素', '其他', '12個', '\"', '餅乾', '鳳梨醬、鹹蛋黃、麵粉、奶油、奶粉、蛋、糖', '2019-11-01 18:00:24'),
(342, 7, '葡萄鳳梨酥 ', 500, '2小時', '1顆星', '蛋奶素', '其他', '12個', '\"', '餅乾', '鳳梨、葡萄乾、麵粉、奶油、蛋、糖', '2019-11-01 18:00:25'),
(343, 7, '黑芝麻蛋捲', 550, '2小時', '1顆星', '蛋奶素', '其他', '24個', '\"', '餅乾', '安佳天然奶油、牛奶、水、鹽、雞蛋、黑芝麻', '2019-11-01 18:00:26'),
(344, 7, '靜岡抹茶蛋捲', 550, '2小時', '1顆星', '蛋奶素', '抹茶', '24個', '\"', '餅乾', '安佳天然奶油、牛奶、水、鹽、雞蛋、抹茶', '2019-11-01 18:00:27'),
(345, 7, '奶油蛋捲', 550, '2小時', '1顆星', '蛋奶素', '其他', '24個', '\"', '餅乾', '安佳天然奶油、牛奶、水、鹽、雞蛋', '2019-11-01 18:00:28'),
(346, 7, '酥脆肉鬆蛋捲 ', 550, '2小時', '1顆星', '葷', '其他', '24個', '\"', '餅乾', '安佳天然奶油、牛奶、水、鹽、雞蛋、肉鬆', '2019-11-01 18:00:29'),
(347, 7, '夾心牛奶糖蛋捲 ', 550, '2小時', '1顆星', '蛋奶素', '其他', '24個', '\"', '餅乾', '安佳天然奶油、牛奶、水、鹽、雞蛋、牛奶糖', '2019-11-01 18:00:30');

-- --------------------------------------------------------

--
-- 資料表結構 `course_cart`
--

CREATE TABLE `course_cart` (
  `course_cart_sid` int(11) NOT NULL COMMENT '課程購物車編號',
  `member_sid` int(11) NOT NULL DEFAULT '0' COMMENT '會員訂單編號',
  `type_sid` int(11) NOT NULL DEFAULT '0' COMMENT '類型編號',
  `course_sid` int(11) NOT NULL DEFAULT '0' COMMENT '課程編號',
  `course_cart_applicants` int(11) NOT NULL DEFAULT '0' COMMENT '報名人數',
  `course_cart_choose` datetime NOT NULL DEFAULT CURRENT_TIMESTAMP COMMENT '挑選課程時間'
) ENGINE=InnoDB DEFAULT CHARSET=utf8 COMMENT='課程購物車表					';

-- --------------------------------------------------------

--
-- 資料表結構 `course_img`
--

CREATE TABLE `course_img` (
  `course_img_sid` int(11) NOT NULL COMMENT '課程圖表編號',
  `course_sid` int(11) NOT NULL COMMENT '課程編號',
  `store_sid` int(11) NOT NULL COMMENT '店家編號',
  `course_list` text NOT NULL COMMENT '課程清單圖',
  `course_detail` text NOT NULL COMMENT '課程商品詳細圖'
) ENGINE=InnoDB DEFAULT CHARSET=utf8;

--
-- 傾印資料表的資料 `course_img`
--

INSERT INTO `course_img` (`course_img_sid`, `course_sid`, `store_sid`, `course_list`, `course_detail`) VALUES
(1, 1, 1, '木木甜心s.png', '木木甜心b.png'),
(2, 2, 1, '戀戀奶香芋泥千層s.png', '戀戀奶香芋泥千層s.png'),
(3, 3, 1, '抹茶泡芙s.png', '抹茶泡芙s.png'),
(4, 4, 1, '抹茶千層蛋糕s.png', '抹茶千層蛋糕s.png'),
(5, 5, 1, '黑糖桂圓千層s.png', '黑糖桂圓千層s.png'),
(6, 6, 1, '黑白配千層s.png', '黑白配千層s.png'),
(7, 7, 1, '黑爵士千層蛋糕罐s.png', '黑爵士千層蛋糕罐s.png'),
(8, 8, 1, '黑爵士s.png', '黑爵士s.png'),
(9, 9, 1, '髒髒泡芙s.png', '髒髒泡芙s.png'),
(10, 10, 1, '金沙起士千層s.png', '金沙起士千層s.png'),
(11, 11, 1, '金桔檸檬千層s.png', '金桔檸檬千層s.png'),
(12, 12, 1, '蜂蜜千層s.png', '蜂蜜千層s.png'),
(13, 13, 1, '蜂巢蛋糕s.png', '蜂巢蛋糕s.png'),
(14, 14, 1, '藍莓生乳千層蛋糕s.png', '藍莓生乳千層蛋糕s.png'),
(15, 15, 1, '莓果布雷斯特泡芙s.png', '莓果布雷斯特泡芙s.png'),
(16, 16, 1, '磐石s.png', '磐石s.png'),
(17, 17, 1, '百香果千層s.png', '百香果千層s.png'),
(18, 18, 1, '法式香草千層蛋糕s.png', '法式香草千層蛋糕s.png'),
(19, 19, 1, '法式香濃巧克力捲s.png', '法式香濃巧克力捲s.png'),
(20, 20, 1, '提拉米蘇千層蛋糕s.png', '提拉米蘇千層蛋糕s.png'),
(21, 21, 1, '巧克力千層蛋糕s.png', '巧克力千層蛋糕s.png'),
(22, 22, 1, '奶香芋泥捲s.png', '奶香芋泥捲s.png'),
(23, 23, 1, '愛戀絮語s.png', '愛戀絮語s.png'),
(24, 24, 1, '美麗家園s.png', '美麗家園s.png'),
(25, 25, 2, '黑巧克力多肉植物s.png', '黑巧克力多肉植物s.png'),
(26, 26, 2, '巧克力玫瑰花束s.png', '巧克力玫瑰花束s.png'),
(27, 27, 2, '堅果夏威夷豆塔s.png', '堅果夏威夷豆塔s.png'),
(28, 28, 2, '杏仁巧克力塔s.png', '杏仁巧克力塔s.png'),
(29, 29, 2, '腰果豆塔s.png', '腰果豆塔s.png'),
(30, 30, 3, '黑巧克力多肉植物s.png', '黑巧克力多肉植物s.png'),
(31, 31, 3, '巧克力玫瑰花束s.png', '巧克力玫瑰花束s.png'),
(32, 32, 3, '堅果夏威夷豆塔s.png', '堅果夏威夷豆塔s.png'),
(33, 33, 3, '杏仁巧克力塔s.png', '杏仁巧克力塔s.png'),
(34, 34, 3, '腰果豆塔s.png', '腰果豆塔s.png'),
(35, 35, 4, '黑巧克力多肉植物s.png', '黑巧克力多肉植物s.png'),
(36, 36, 4, '巧克力玫瑰花束s.png', '巧克力玫瑰花束s.png'),
(37, 37, 4, '堅果夏威夷豆塔s.png', '堅果夏威夷豆塔s.png'),
(38, 38, 4, '杏仁巧克力塔s.png', '杏仁巧克力塔s.png'),
(39, 39, 4, '腰果豆塔s.png', '腰果豆塔s.png'),
(40, 40, 5, '黑巧克力多肉植物s.png', '黑巧克力多肉植物s.png'),
(41, 41, 5, '巧克力玫瑰花束s.png', '巧克力玫瑰花束s.png'),
(42, 42, 5, '堅果夏威夷豆塔s.png', '堅果夏威夷豆塔s.png'),
(43, 43, 5, '杏仁巧克力塔s.png', '杏仁巧克力塔s.png'),
(44, 44, 5, '腰果豆塔s.png', '腰果豆塔s.png'),
(45, 45, 6, '黑巧克力多肉植物s.png', '黑巧克力多肉植物s.png'),
(46, 46, 6, '巧克力玫瑰花束s.png', '巧克力玫瑰花束s.png'),
(47, 47, 6, '堅果夏威夷豆塔s.png', '堅果夏威夷豆塔s.png'),
(48, 48, 6, '杏仁巧克力塔s.png', '杏仁巧克力塔s.png'),
(49, 49, 6, '腰果豆塔s.png', '腰果豆塔s.png'),
(50, 50, 7, '小夏日百香蛋糕s.png', '小夏日百香蛋糕s.png'),
(51, 51, 7, '特濃芋頭乳酪蛋糕s.png', '特濃芋頭乳酪蛋糕s.png'),
(52, 52, 7, '檸檬乳酪蛋糕s.png', '檸檬乳酪蛋糕s.png'),
(53, 53, 7, '香草布丁乳酪蛋糕s.png', '香草布丁乳酪蛋糕b.png'),
(54, 54, 7, '西班牙檸檬磅蛋糕s.png', '西班牙檸檬磅蛋糕s.png'),
(55, 55, 8, '黑巧克力多肉植物s.png', '黑巧克力多肉植物s.png'),
(56, 56, 8, '巧克力玫瑰花束s.png', '巧克力玫瑰花束s.png'),
(57, 57, 8, '堅果夏威夷豆塔s.png', '堅果夏威夷豆塔s.png'),
(58, 58, 8, '杏仁巧克力塔s.png', '杏仁巧克力塔s.png'),
(59, 59, 8, '腰果豆塔s.png', '腰果豆塔s.png'),
(60, 60, 9, '黑巧克力多肉植物s.png', '黑巧克力多肉植物s.png'),
(61, 61, 9, '巧克力玫瑰花束s.png', '巧克力玫瑰花束s.png'),
(62, 62, 9, '堅果夏威夷豆塔s.png', '堅果夏威夷豆塔s.png'),
(63, 63, 9, '杏仁巧克力塔s.png', '杏仁巧克力塔s.png'),
(64, 64, 9, '腰果豆塔s.png', '腰果豆塔s.png'),
(65, 65, 10, '黑巧克力多肉植物s.png', '黑巧克力多肉植物s.png'),
(66, 66, 10, '巧克力玫瑰花束s.png', '巧克力玫瑰花束s.png'),
(67, 67, 10, '堅果夏威夷豆塔s.png', '堅果夏威夷豆塔s.png'),
(68, 68, 10, '杏仁巧克力塔s.png', '杏仁巧克力塔s.png'),
(69, 69, 10, '腰果豆塔s.png', '腰果豆塔s.png'),
(70, 70, 11, '黑巧克力多肉植物s.png', '黑巧克力多肉植物s.png'),
(71, 71, 11, '巧克力玫瑰花束s.png', '巧克力玫瑰花束s.png'),
(72, 72, 11, '堅果夏威夷豆塔s.png', '堅果夏威夷豆塔s.png'),
(73, 73, 11, '杏仁巧克力塔s.png', '杏仁巧克力塔s.png'),
(74, 74, 11, '腰果豆塔s.png', '腰果豆塔s.png'),
(75, 75, 12, '黑巧克力多肉植物s.png', '黑巧克力多肉植物s.png'),
(76, 76, 12, '巧克力玫瑰花束s.png', '巧克力玫瑰花束s.png'),
(77, 77, 12, '堅果夏威夷豆塔s.png', '堅果夏威夷豆塔s.png'),
(78, 78, 12, '杏仁巧克力塔s.png', '杏仁巧克力塔s.png'),
(79, 79, 12, '腰果豆塔s.png', '腰果豆塔s.png'),
(80, 80, 13, '黑巧克力多肉植物s.png', '黑巧克力多肉植物s.png'),
(81, 81, 13, '巧克力玫瑰花束s.png', '巧克力玫瑰花束s.png'),
(82, 82, 13, '堅果夏威夷豆塔s.png', '堅果夏威夷豆塔s.png'),
(83, 83, 13, '杏仁巧克力塔s.png', '杏仁巧克力塔s.png'),
(84, 84, 13, '腰果豆塔s.png', '腰果豆塔s.png'),
(85, 85, 14, '黑巧克力多肉植物s.png', '黑巧克力多肉植物s.png'),
(86, 86, 14, '巧克力玫瑰花束s.png', '巧克力玫瑰花束s.png'),
(87, 87, 14, '堅果夏威夷豆塔s.png', '堅果夏威夷豆塔s.png'),
(88, 88, 14, '杏仁巧克力塔s.png', '杏仁巧克力塔s.png'),
(89, 89, 14, '腰果豆塔s.png', '腰果豆塔s.png'),
(90, 90, 15, '黑巧克力多肉植物s.png', '黑巧克力多肉植物s.png'),
(91, 91, 15, '巧克力玫瑰花束s.png', '巧克力玫瑰花束s.png'),
(92, 92, 15, '堅果夏威夷豆塔s.png', '堅果夏威夷豆塔s.png'),
(93, 93, 15, '杏仁巧克力塔s.png', '杏仁巧克力塔s.png'),
(94, 94, 15, '腰果豆塔s.png', '腰果豆塔s.png'),
(95, 95, 16, '黑巧克力多肉植物s.png', '黑巧克力多肉植物s.png'),
(96, 96, 16, '巧克力玫瑰花束s.png', '巧克力玫瑰花束s.png'),
(97, 97, 16, '堅果夏威夷豆塔s.png', '堅果夏威夷豆塔s.png'),
(98, 98, 16, '杏仁巧克力塔s.png', '杏仁巧克力塔s.png'),
(99, 99, 16, '腰果豆塔s.png', '腰果豆塔s.png'),
(100, 100, 17, '黑巧克力多肉植物s.png', '黑巧克力多肉植物s.png'),
(101, 101, 17, '巧克力玫瑰花束s.png', '巧克力玫瑰花束s.png'),
(102, 102, 17, '堅果夏威夷豆塔s.png', '堅果夏威夷豆塔s.png'),
(103, 103, 17, '杏仁巧克力塔s.png', '杏仁巧克力塔s.png'),
(104, 104, 17, '腰果豆塔s.png', '腰果豆塔s.png'),
(105, 105, 18, '黑巧克力多肉植物s.png', '黑巧克力多肉植物s.png'),
(106, 106, 18, '巧克力玫瑰花束s.png', '巧克力玫瑰花束s.png'),
(107, 107, 18, '堅果夏威夷豆塔s.png', '堅果夏威夷豆塔s.png'),
(108, 108, 18, '杏仁巧克力塔s.png', '杏仁巧克力塔s.png'),
(109, 109, 18, '腰果豆塔s.png', '腰果豆塔s.png'),
(110, 110, 19, '黑巧克力多肉植物s.png', '黑巧克力多肉植物s.png'),
(111, 111, 19, '巧克力玫瑰花束s.png', '巧克力玫瑰花束s.png'),
(112, 112, 19, '堅果夏威夷豆塔s.png', '堅果夏威夷豆塔s.png'),
(113, 113, 19, '杏仁巧克力塔s.png', '杏仁巧克力塔s.png'),
(114, 114, 19, '腰果豆塔s.png', '腰果豆塔s.png'),
(115, 115, 20, '黑巧克力多肉植物s.png', '黑巧克力多肉植物s.png'),
(116, 116, 20, '巧克力玫瑰花束s.png', '巧克力玫瑰花束s.png'),
(117, 117, 20, '堅果夏威夷豆塔s.png', '堅果夏威夷豆塔s.png'),
(118, 118, 20, '杏仁巧克力塔s.png', '杏仁巧克力塔s.png'),
(119, 119, 20, '腰果豆塔s.png', '腰果豆塔s.png'),
(120, 120, 21, '黑巧克力多肉植物s.png', '黑巧克力多肉植物s.png'),
(121, 121, 21, '巧克力玫瑰花束s.png', '巧克力玫瑰花束s.png'),
(122, 122, 21, '堅果夏威夷豆塔s.png', '堅果夏威夷豆塔s.png'),
(123, 123, 21, '杏仁巧克力塔s.png', '杏仁巧克力塔s.png'),
(124, 124, 21, '腰果豆塔s.png', '腰果豆塔s.png'),
(125, 125, 22, '黑巧克力多肉植物s.png', '黑巧克力多肉植物s.png'),
(126, 126, 22, '巧克力玫瑰花束s.png', '巧克力玫瑰花束s.png'),
(127, 127, 22, '堅果夏威夷豆塔s.png', '堅果夏威夷豆塔s.png'),
(128, 128, 22, '杏仁巧克力塔s.png', '杏仁巧克力塔s.png'),
(129, 129, 22, '腰果豆塔s.png', '腰果豆塔s.png'),
(130, 130, 23, '黑巧克力多肉植物s.png', '黑巧克力多肉植物s.png'),
(131, 131, 23, '巧克力玫瑰花束s.png', '巧克力玫瑰花束s.png'),
(132, 132, 23, '堅果夏威夷豆塔s.png', '堅果夏威夷豆塔s.png'),
(133, 133, 23, '杏仁巧克力塔s.png', '杏仁巧克力塔s.png'),
(134, 134, 23, '腰果豆塔s.png', '腰果豆塔s.png'),
(135, 135, 24, '黑巧克力多肉植物s.png', '黑巧克力多肉植物s.png'),
(136, 136, 24, '巧克力玫瑰花束s.png', '巧克力玫瑰花束s.png'),
(137, 137, 24, '堅果夏威夷豆塔s.png', '堅果夏威夷豆塔s.png'),
(138, 138, 24, '杏仁巧克力塔s.png', '杏仁巧克力塔s.png'),
(139, 139, 24, '腰果豆塔s.png', '腰果豆塔s.png'),
(140, 140, 7, '蹦啾香草輕乳酪s.png', '蹦啾香草輕乳酪s.png'),
(141, 141, 7, '愛媛柚香輕乳酪s.png', '愛媛柚香輕乳酪s.png'),
(142, 142, 7, '焦糖雪融蛋糕s.png', '焦糖雪融蛋糕s.png'),
(143, 143, 7, '鮮綠檸檬蛋糕s.png', '鮮綠檸檬蛋糕s.png'),
(144, 144, 7, '跳舞巧克力重乳酪s.png', '跳舞巧克力重乳酪s.png'),
(145, 145, 7, '玫瑰荔枝乳酪蛋糕s.png', '玫瑰荔枝乳酪蛋糕s.png'),
(146, 146, 7, '烏龍鐵觀音乳酪蛋糕s.png', '烏龍鐵觀音乳酪蛋糕s.png'),
(147, 147, 7, '蘭姆葡萄乳酪蛋糕s.png', '蘭姆葡萄乳酪蛋糕s.png'),
(148, 148, 7, '抹茶蝴蝶酥s.png', '抹茶蝴蝶酥s.png'),
(149, 149, 7, '芝麻蝴蝶酥s.png', '芝麻蝴蝶酥s.png'),
(150, 150, 7, '蝴蝶酥s.png', '蝴蝶酥s.png'),
(151, 151, 7, '小心心s.png', '小心心s.png'),
(152, 152, 7, '覆盆子金沙酥餅s.png', '覆盆子金沙酥餅s.png'),
(153, 153, 7, 'Passions.png', 'Passionsb.png'),
(154, 154, 7, '焙茶瑪德蓮s.png', '焙茶瑪德蓮s.png'),
(155, 155, 7, '慢慢s.png', '慢慢b.png'),
(156, 156, 7, '純s.png', '純s.png'),
(157, 157, 7, '瑪德蓮s.png', '瑪德蓮s.png'),
(158, 158, 7, '波爾多可麗露s.png', '波爾多可麗露s.png'),
(159, 159, 7, '法式經典檸檬塔s.png', '法式經典檸檬塔b.png'),
(160, 160, 7, '焙茶可麗露s.png', '焙茶可麗露s.png'),
(161, 161, 7, '金沙酥餅s.png', '金沙酥餅s.png'),
(162, 162, 7, '極濃抹茶舞起司蛋糕s.png', '極濃抹茶舞起司蛋糕s.png'),
(163, 163, 7, '黃金起司s.png', '黃金起司s.png'),
(164, 164, 7, '紐約經典特濃起司s.png', '紐約經典特濃起司s.png'),
(165, 165, 7, '花生惹起司s.png', '花生惹起司s.png'),
(166, 166, 7, '金秋鹹蛋黃起司s.png', '金秋鹹蛋黃起司s.png'),
(167, 167, 7, '焦糖蘋果餡起司s.png', '焦糖蘋果餡起司s.png'),
(168, 168, 7, '白日夢太妃糖起司s.png', '白日夢太妃糖起司s.png'),
(169, 169, 7, '覆盆子粉粉起司蛋糕s.png', '覆盆子粉粉起司蛋糕s.png'),
(170, 170, 7, '濃情重巧克力起司s.png', '濃情重巧克力起司s.png'),
(171, 171, 7, '黑巧克力多肉植物s.png', '黑巧克力多肉植物s.png'),
(172, 172, 7, '巧克力玫瑰花束s.png', '巧克力玫瑰花束s.png'),
(173, 173, 7, '堅果夏威夷豆塔s.png', '堅果夏威夷豆塔s.png'),
(174, 174, 7, '杏仁巧克力塔s.png', '杏仁巧克力塔s.png'),
(175, 175, 7, '腰果豆塔s.png', '腰果豆塔s.png'),
(176, 176, 7, '舞彩繽紛s.png', '舞彩繽紛s.png'),
(177, 177, 7, '粉色玫瑰s.png', '粉色玫瑰s.png'),
(178, 178, 7, '白色之戀s.png', '白色之戀s.png'),
(179, 179, 7, '粉色花籬s.png', '粉色花籬s.png'),
(180, 180, 7, '新月s.png', '新月s.png'),
(181, 181, 7, '獨角獸s.png', '獨角獸s.png'),
(182, 182, 7, '立體玫瑰花杯子蛋糕s.png', '立體玫瑰花杯子蛋糕s.png'),
(183, 183, 7, '心心相印s.png', '心心相印s.png'),
(184, 184, 7, '玫瑰圓舞曲s.png', '玫瑰圓舞曲s.png'),
(185, 185, 7, '薔薇之戀s.png', '薔薇之戀s.png'),
(186, 186, 7, '提拉米蘇s.png', '提拉米蘇s.png'),
(187, 187, 7, '歐培拉s.png', '歐培拉s.png'),
(188, 188, 7, '經典鑽石蛋糕s.png', '經典鑽石蛋糕b.png'),
(189, 189, 7, '蒙布朗s.png', '蒙布朗b.png'),
(190, 190, 7, '重乳酪s.png', '重乳酪s.png'),
(191, 191, 7, '黑森林s.png', '黑森林s.png'),
(192, 192, 7, '奇蹟磅蛋糕-小山園抹茶s.png', '奇蹟磅蛋糕-小山園抹茶s.png'),
(193, 193, 7, '奇蹟磅蛋糕-橙香百香果s.png', '奇蹟磅蛋糕-橙香百香果s.png'),
(194, 194, 7, '燕麥雲朵戚風s.png', '燕麥雲朵戚風s.png'),
(195, 195, 7, '翻轉蘋果蛋糕s.png', '翻轉蘋果蛋糕b.png'),
(196, 196, 7, '水果蛋糕捲s.png', '水果蛋糕捲s.png'),
(197, 197, 7, '香草雲朵戚風s.png', '香草雲朵戚風b.png'),
(198, 198, 7, '芒果鮮奶油蛋糕s.png', '芒果鮮奶油蛋糕s.png'),
(199, 199, 7, '莓果帕芙洛娃s.png', '莓果帕芙洛娃s.png'),
(200, 200, 7, '法式草莓蛋糕s.png', '法式草莓蛋糕b.png'),
(201, 201, 7, '大理石乳酪蛋糕s.png', '大理石乳酪蛋糕s.png'),
(202, 202, 7, '舒芙蕾乳酪蛋糕s.png', '舒芙蕾乳酪蛋糕s.png'),
(203, 203, 7, '雙倍巧克力布朗尼s.png', '雙倍巧克力布朗尼s.png'),
(204, 204, 7, '胡蘿蔔蛋糕s.png', '胡蘿蔔蛋糕s.png'),
(205, 205, 7, '檸檬糖霜蛋糕s.png ', '檸檬糖霜蛋糕s.png '),
(206, 206, 7, '抹茶雲朵戚風s.png', '抹茶雲朵戚風b.png'),
(207, 207, 7, '米歇爾可可雲朵戚風s.png', '米歇爾可可雲朵戚風s.png'),
(208, 208, 7, '香橙磅蛋糕s.png', '香橙磅蛋糕s.png'),
(209, 209, 7, '原味奶油司康s.png', '原味奶油司康s.png'),
(210, 210, 7, '伯爵濃奶茶布丁s.png', '伯爵濃奶茶布丁s.png'),
(211, 211, 7, '抹茶瑪德蓮s.png ', '抹茶瑪德蓮s.png '),
(212, 212, 7, '焦糖布丁s.png', '焦糖布丁s.png'),
(213, 213, 7, '香草瑪德蓮s.png ', '香草瑪德蓮s.png '),
(214, 214, 7, '水果鮮奶油蛋糕s.png', '水果鮮奶油蛋糕s.png'),
(215, 215, 7, '雙層花藝蛋糕s.png', '雙層花藝蛋糕s.png'),
(216, 216, 7, '甜食系鮮奶油蛋糕s.png', '甜食系鮮奶油蛋糕s.png'),
(217, 217, 7, '花藝蛋糕s.png', '花藝蛋糕s.png'),
(218, 218, 7, '焦糖鮮奶油蛋糕s.png', '焦糖鮮奶油蛋糕s.png'),
(219, 219, 7, '可可鑽石餅乾s.png ', '可可鑽石餅乾s.png '),
(220, 220, 7, '抹茶鑽石餅乾s.png', '抹茶鑽石餅乾s.png'),
(221, 221, 7, '紫薯鑽石餅乾s.png', '紫薯鑽石餅乾s.png'),
(222, 222, 7, '香草鑽石餅乾s.png', '香草鑽石餅乾s.png'),
(223, 223, 7, '杏仁瓦片s.png', '杏仁瓦片s.png'),
(224, 224, 7, '巧克力雪球s.png', '巧克力雪球s.png'),
(225, 225, 7, '抹茶雪球s.png', '抹茶雪球s.png'),
(226, 226, 7, '檸檬塔s.png', '檸檬塔s.png'),
(227, 227, 7, '草莓花圈塔s.png', '草莓花圈塔b.png'),
(228, 228, 7, '泡菜豬肉鹹派s.png', '泡菜豬肉鹹派s.png'),
(229, 229, 7, '戀戀奶香芋泥千層s.png', '戀戀奶香芋泥千層s.png'),
(230, 230, 7, '抹茶泡芙s.png', '抹茶泡芙s.png'),
(231, 231, 7, '抹茶千層蛋糕s.png', '抹茶千層蛋糕s.png'),
(232, 232, 7, '黑糖桂圓千層s.png', '黑糖桂圓千層s.png'),
(233, 233, 7, '黑白配千層s.png', '黑白配千層s.png'),
(234, 234, 7, '黑爵士千層蛋糕罐s.png', '黑爵士千層蛋糕罐s.png'),
(235, 235, 7, '黑爵士s.png', '黑爵士s.png'),
(236, 236, 7, '髒髒泡芙s.png', '髒髒泡芙s.png'),
(237, 237, 7, '金沙起士千層s.png', '金沙起士千層s.png'),
(238, 238, 7, '金桔檸檬千層s.png', '金桔檸檬千層s.png'),
(239, 239, 7, '蜂蜜千層s.png', '蜂蜜千層s.png'),
(240, 240, 7, '蜂巢蛋糕s.png', '蜂巢蛋糕s.png'),
(241, 241, 7, '藍莓生乳千層蛋糕s.png', '藍莓生乳千層蛋糕s.png'),
(242, 242, 7, '莓果布雷斯特泡芙s.png', '莓果布雷斯特泡芙s.png'),
(243, 243, 7, '磐石s.png', '磐石s.png'),
(244, 244, 7, '百香果千層s.png', '百香果千層s.png'),
(245, 245, 7, '法式香草千層蛋糕s.png', '法式香草千層蛋糕s.png'),
(246, 246, 7, '法式香濃巧克力捲s.png', '法式香濃巧克力捲s.png'),
(247, 247, 7, '木木甜心s.png', '木木甜心b.png'),
(248, 248, 7, '提拉米蘇千層蛋糕s.png', '提拉米蘇千層蛋糕s.png'),
(249, 249, 7, '巧克力千層蛋糕s.png', '巧克力千層蛋糕b.png'),
(250, 250, 7, '奶香芋泥捲s.png', '奶香芋泥捲s.png'),
(251, 251, 7, '愛戀絮語s.png', '愛戀絮語s.png'),
(252, 252, 7, '美麗家園s.png', '美麗家園s.png'),
(253, 253, 7, '抹茶千層蛋糕s2.png', '抹茶千層蛋糕s2.png'),
(254, 254, 7, '炙燒黑焦千層蛋糕s.png', '炙燒黑焦千層蛋糕s.png'),
(255, 255, 7, '抹茶巴斯克起司蛋糕s.png', '抹茶巴斯克起司蛋糕s.png'),
(256, 256, 7, '抹茶戚風蛋糕捲s.png', '抹茶戚風蛋糕捲s.png'),
(257, 257, 7, '栗子蒙布朗s.png', '栗子蒙布朗s.png'),
(258, 258, 7, '抹茶提拉米蘇s.png', '抹茶提拉米蘇s.png'),
(259, 259, 7, '抹茶生巧克力蛋糕s.png', '抹茶生巧克力蛋糕s.png'),
(260, 260, 7, '抹茶生乳起司蛋糕s.png', '抹茶生乳起司蛋糕s.png'),
(261, 261, 7, '桂花白玉芝麻戚風s.png', '桂花白玉芝麻戚風s.png'),
(262, 262, 7, '抹茶紅豆白玉戚風s.png', '抹茶紅豆白玉戚風s.png'),
(263, 263, 7, '荔香乳酪烏龍戚風s.png', '荔香乳酪烏龍戚風s.png'),
(264, 264, 7, '玫瑰覆盆子荔枝戚風s.png', '玫瑰覆盆子荔枝戚風s.png'),
(265, 265, 7, '法式水果千層s.png', '法式水果千層s.png'),
(266, 266, 7, '橘香榛果可可戚風s.png', '橘香榛果可可戚風s.png'),
(267, 267, 7, '英式太妃糖花生戚風s.png', '英式太妃糖花生戚風s.png'),
(268, 268, 7, '伯爵芋泥生乳捲s.png', '伯爵芋泥生乳捲s.png'),
(269, 269, 7, '栗子甜薯戚風捲s.png', '栗子甜薯戚風捲s.png'),
(270, 270, 7, '海鹽焦糖千層s.png', '海鹽焦糖千層s.png'),
(271, 271, 7, '茉香奶綠千層s.png', '茉香奶綠千層s.png'),
(272, 272, 7, '可可草莓千層s.png', '可可草莓千層s.png'),
(273, 273, 7, '金柚抹茶戚風s.png', '金柚抹茶戚風s.png'),
(274, 274, 7, '伯爵芋泥布丁戚風s.png', '伯爵芋泥布丁戚風s.png'),
(275, 275, 7, '伯爵焦糖蘋果戚風s.png', '伯爵焦糖蘋果戚風s.png'),
(276, 276, 7, '藍莓優格乳酪戚風s.png', '藍莓優格乳酪戚風s.png'),
(277, 277, 7, '柚香烏龍戚風s.png', '柚香烏龍戚風s.png'),
(278, 278, 7, '草莓濃可可戚風s.png', '草莓濃可可戚風s.png'),
(279, 279, 7, '蜜橙伯爵紅茶戚風s.png', '蜜橙伯爵紅茶戚風s.png'),
(280, 280, 7, '野莓果園夾心戚風s.png', '野莓果園夾心戚風s.png'),
(281, 281, 7, '繽紛水果夾心戚風s.png', '繽紛水果夾心戚風s.png'),
(282, 282, 7, '桃心伯爵紅茶戚風s.png', '桃心伯爵紅茶戚風s.png'),
(283, 283, 7, '榛果焦糖蘋果捲s.png', '榛果焦糖蘋果捲s.png'),
(284, 284, 7, '葡萄柚伯爵茶捲s.png', '葡萄柚伯爵茶捲s.png'),
(285, 285, 7, '抹茶草莓生乳捲s.png', '抹茶草莓生乳捲s.png'),
(286, 286, 7, '巧克力水果捲s.png', '巧克力水果捲s.png'),
(287, 287, 7, '提拉米蘇生乳捲s.png', '提拉米蘇生乳捲s.png'),
(288, 288, 7, '可可樹戚風捲s.png', '可可樹戚風捲s.png'),
(289, 289, 7, '莓果花園s.png', '莓果花園s.png'),
(290, 290, 7, '甜檸之森s.png', '甜檸之森s.png'),
(291, 291, 7, '伯爵紅茶千層蛋糕s.png', '伯爵紅茶千層蛋糕s.png'),
(292, 292, 7, '抹茶杏仁捲心酥s.png', '抹茶杏仁捲心酥s.png'),
(293, 293, 7, '抹茶杏仁巧克力s.png', '抹茶杏仁巧克力s.png'),
(294, 294, 7, '抹茶牛軋雪花酥s.png', '抹茶牛軋雪花酥s.png'),
(295, 295, 7, '麝香葡萄鮮奶油s.png', '麝香葡萄鮮奶油s.png'),
(296, 296, 7, '抹茶千層蛋糕s3.png', '抹茶千層蛋糕b3.png'),
(297, 297, 7, '京都之舞s.png', '京都之舞b.png'),
(298, 298, 7, '栗子鮮奶油蛋糕s.png', '栗子鮮奶油蛋糕s.png'),
(299, 299, 7, '香橙OREO乳酪s.png', '香橙OREO乳酪s.png'),
(300, 300, 7, '微醺森林s.png', '微醺森林s.png'),
(301, 301, 7, '花園s.png', '花園s.png'),
(302, 302, 7, '經典巧克力蛋糕s.png', '經典巧克力蛋糕s.png'),
(303, 303, 7, '頂級香草乳酪蛋糕s.png', '頂級香草乳酪蛋糕s.png'),
(304, 304, 7, '白天使蛋糕s.png', '白天使蛋糕s.png'),
(305, 305, 7, 'Amedei頂級巧克力蛋糕s.png', 'Amedei頂級巧克力蛋糕s.png'),
(306, 306, 7, '繽紛s.png', '繽紛s.png'),
(307, 307, 7, '維也納s.png', '維也納s.png'),
(308, 308, 7, '黑糖大理石s.png', '黑糖大理石s.png'),
(309, 309, 7, '巧克力大理石s.png', '巧克力大理石s.png'),
(310, 310, 7, '蒜香法國s.png', '蒜香法國s.png'),
(311, 311, 7, '奶黃麻糬s.png', '奶黃麻糬s.png'),
(312, 312, 7, '青蔥麵包s.png', '青蔥麵包s.png'),
(313, 313, 7, '明太子法國s.png', '明太子法國s.png'),
(314, 314, 7, '芝麻軟法s.png', '芝麻軟法s.png'),
(315, 315, 7, '手撕麵包s.png', '手撕麵包s.png'),
(316, 316, 7, '巨蛋菠蘿s.png', '巨蛋菠蘿s.png'),
(317, 317, 7, '起士奶油捲s.png', '起士奶油捲s.png'),
(318, 318, 7, '鹽之花法國奶油捲s.png', '鹽之花法國奶油捲s.png'),
(319, 319, 7, '番茄多倫s.png', '番茄多倫s.png'),
(320, 320, 7, '裸麥高纖s.png', '裸麥高纖s.png'),
(321, 321, 7, '薩爾斯堡s.png', '薩爾斯堡s.png'),
(322, 322, 7, '鹽味香頌s.png', '鹽味香頌s.png'),
(323, 323, 7, '菠菜起司s.png', '菠菜起司s.png'),
(324, 324, 7, '亞麻子乳酪s.png', '亞麻子乳酪s.png'),
(325, 325, 7, '甜酥香栗s.png', '甜酥香栗s.png'),
(326, 326, 7, '芭蕾堅果s.png', '芭蕾堅果s.png'),
(327, 327, 7, '松子紅豆吐司s.png', '松子紅豆吐司s.png'),
(328, 328, 7, '燕麥無花果s.png', '燕麥無花果s.png'),
(329, 329, 7, '日式菠蘿s.png', '日式菠蘿s.png'),
(330, 330, 7, '樂活地瓜s.png', '樂活地瓜s.png'),
(331, 331, 7, '肉桂捲s.png', '肉桂捲s.png'),
(332, 332, 7, '水果多重奏s.png', '水果多重奏s.png'),
(333, 333, 7, '玄米吐司s.png', '玄米吐司s.png'),
(334, 334, 7, '原味牛軋糖s.png', '原味牛軋糖s.png'),
(335, 335, 7, '草莓牛軋糖s.png', '草莓牛軋糖s.png'),
(336, 336, 7, '楊桃牛軋糖s.png', '楊桃牛軋糖s.png'),
(337, 337, 7, '鳳梨牛軋糖s.png', '鳳梨牛軋糖s.png'),
(338, 338, 7, '花生手工蛋捲s.png', '花生手工蛋捲s.png'),
(339, 339, 7, '巧克力手工蛋捲s.png', '巧克力手工蛋捲s.png'),
(340, 340, 7, '蔓越莓鳳梨酥s.png', '蔓越莓鳳梨酥s.png'),
(341, 341, 7, '鳳梨酥s.png', '鳳梨酥s.png'),
(342, 342, 7, '葡萄鳳梨酥s.png ', '葡萄鳳梨酥s.png '),
(343, 343, 7, '黑芝麻蛋捲s.png', '黑芝麻蛋捲s.png'),
(344, 344, 7, '靜岡抹茶蛋捲s.png', '靜岡抹茶蛋捲s.png'),
(345, 345, 7, '奶油蛋捲s.png', '奶油蛋捲s.png'),
(346, 346, 7, '酥脆肉鬆蛋捲s.png ', '酥脆肉鬆蛋捲s.png '),
(347, 347, 7, '夾心牛奶糖蛋捲s.png', '夾心牛奶糖蛋捲s.png');

-- --------------------------------------------------------

--
-- 資料表結構 `course_ind`
--

CREATE TABLE `course_ind` (
  `course_ind_sid` int(11) NOT NULL COMMENT '課程協細頁編號',
  `store_sid` int(11) NOT NULL COMMENT '店家編號',
  `course_classroom` text COMMENT '課程教室圖',
  `course_content` text COMMENT '體驗包含',
  `course_object` text COMMENT '活動對象',
  `course_experience` text COMMENT '費用包含',
  `course_precautions` text COMMENT '注意事項',
  `course_cancel` text COMMENT '取消辦法',
  `course_transfer` int(11) NOT NULL COMMENT '轉讓天數限制'
) ENGINE=InnoDB DEFAULT CHARSET=utf8;

--
-- 傾印資料表的資料 `course_ind`
--

INSERT INTO `course_ind` (`course_ind_sid`, `store_sid`, `course_classroom`, `course_content`, `course_object`, `course_experience`, `course_precautions`, `course_cancel`, `course_transfer`) VALUES
(1, 1, '1AX2001.png', '1.APP 及 iPad 數位教學。\r\n2.全程一人一機實作，收穫滿滿。\r\n3.提供新鮮食材、烘焙器材使用。\r\n4.學習甜點烘焙技巧與知識。\r\n5.與家人朋友一起享用幸福滋味。', '13 歲以上。', '烘焙食材 :器具、設備。\r\n現場使用:成品包裝。', '1.為了響應環保，請自備容器把自己做的成果帶回家。\r\n2.非報名該體驗者，請勿進入活動區域，以免干擾其他同學進行活動。', '1.於活動中如因非可究責主辦單位之因素中止參與活動，將不予退回款項。\r\n2.建議您出發日前 6 日前，可將名額轉讓。但請務必告知 ，代理參與者的姓名或帳號及聯絡資訊。\r\n3.如因天災等不可抗力因素，將主動聯繫延期或退款。\r\n', 6),
(2, 2, '2AX2002.png', '1.APP 及 iPad 數位教學。\r\n2.全程一人一機實作，收穫滿滿。\r\n3.提供新鮮食材、烘焙器材使用。\r\n4.學習甜點烘焙技巧與知識。\r\n5.與家人朋友一起享用幸福滋味。', '13 歲以上。', '烘焙食材 :器具、設備。\r\n現場使用:成品包裝。', '1.為了響應環保，請自備容器把自己做的成果帶回家。\r\n2.非報名該體驗者，請勿進入活動區域，以免干擾其他同學進行活動。', '1.於活動中如因非可究責主辦單位之因素中止參與活動，將不予退回款項。\r\n2.建議您出發日前 6 日前，可將名額轉讓。但請務必告知 ，代理參與者的姓名或帳號及聯絡資訊。\r\n3.如因天災等不可抗力因素，將主動聯繫延期或退款。\r\n', 6),
(3, 3, '3AX2003.png', '1.APP 及 iPad 數位教學。\r\n2.全程一人一機實作，收穫滿滿。\r\n3.提供新鮮食材、烘焙器材使用。\r\n4.學習甜點烘焙技巧與知識。\r\n5.與家人朋友一起享用幸福滋味。', '13 歲以上。', '烘焙食材 :器具、設備。\r\n現場使用:成品包裝。', '1.為了響應環保，請自備容器把自己做的成果帶回家。\r\n2.非報名該體驗者，請勿進入活動區域，以免干擾其他同學進行活動。', '1.於活動中如因非可究責主辦單位之因素中止參與活動，將不予退回款項。\r\n2.建議您出發日前 6 日前，可將名額轉讓。但請務必告知 ，代理參與者的姓名或帳號及聯絡資訊。\r\n3.如因天災等不可抗力因素，將主動聯繫延期或退款。\r\n', 6),
(4, 4, '4AX2004.png', '1.APP 及 iPad 數位教學。\r\n2.全程一人一機實作，收穫滿滿。\r\n3.提供新鮮食材、烘焙器材使用。\r\n4.學習甜點烘焙技巧與知識。\r\n5.與家人朋友一起享用幸福滋味。', '13 歲以上。', '烘焙食材 :器具、設備。\r\n現場使用:成品包裝。', '1.為了響應環保，請自備容器把自己做的成果帶回家。\r\n2.非報名該體驗者，請勿進入活動區域，以免干擾其他同學進行活動。', '1.於活動中如因非可究責主辦單位之因素中止參與活動，將不予退回款項。\r\n2.建議您出發日前 5 日前，可將名額轉讓。但請務必告知 ，代理參與者的姓名或帳號及聯絡資訊。\r\n3.如因天災等不可抗力因素，將主動聯繫延期或退款。\r\n', 5),
(5, 5, '5AX2005.png', '1.APP 及 iPad 數位教學。\r\n2.全程一人一機實作，收穫滿滿。\r\n3.提供新鮮食材、烘焙器材使用。\r\n4.學習甜點烘焙技巧與知識。\r\n5.與家人朋友一起享用幸福滋味。', '13 歲以上。', '烘焙食材 :器具、設備。\r\n現場使用:成品包裝。', '1.為了響應環保，請自備容器把自己做的成果帶回家。\r\n2.非報名該體驗者，請勿進入活動區域，以免干擾其他同學進行活動。', '1.於活動中如因非可究責主辦單位之因素中止參與活動，將不予退回款項。\r\n2.建議您出發日前 5 日前，可將名額轉讓。但請務必告知 ，代理參與者的姓名或帳號及聯絡資訊。\r\n3.如因天災等不可抗力因素，將主動聯繫延期或退款。\r\n', 5),
(6, 6, '6AX2006.png', '1.APP 及 iPad 數位教學。\r\n2.全程一人一機實作，收穫滿滿。\r\n3.提供新鮮食材、烘焙器材使用。\r\n4.學習甜點烘焙技巧與知識。\r\n5.與家人朋友一起享用幸福滋味。', '13 歲以上。', '烘焙食材 :器具、設備。\r\n現場使用:成品包裝。', '1.為了響應環保，請自備容器把自己做的成果帶回家。\r\n2.非報名該體驗者，請勿進入活動區域，以免干擾其他同學進行活動。', '1.於活動中如因非可究責主辦單位之因素中止參與活動，將不予退回款項。\r\n2.建議您出發日前 5 日前，可將名額轉讓。但請務必告知 ，代理參與者的姓名或帳號及聯絡資訊。\r\n3.如因天災等不可抗力因素，將主動聯繫延期或退款。\r\n', 5),
(7, 7, '3BX2003.png', '1.APP 及 iPad 數位教學。\r\n2.全程一人一機實作，收穫滿滿。\r\n3.提供新鮮食材、烘焙器材使用。\r\n4.學習甜點烘焙技巧與知識。\r\n5.與家人朋友一起享用幸福滋味。', '13 歲以上。', '烘焙食材 :器具、設備。\r\n現場使用:成品包裝。', '1.為了響應環保，請自備容器把自己做的成果帶回家。\r\n2.非報名該體驗者，請勿進入活動區域，以免干擾其他同學進行活動。', '1.於活動中如因非可究責主辦單位之因素中止參與活動，將不予退回款項。\r\n2.建議您出發日前 5 日前，可將名額轉讓。但請務必告知 ，代理參與者的姓名或帳號及聯絡資訊。\r\n3.如因天災等不可抗力因素，將主動聯繫延期或退款。\r\n', 5),
(8, 8, '8AX2008.png', '1.APP 及 iPad 數位教學。\r\n2.全程一人一機實作，收穫滿滿。\r\n3.提供新鮮食材、烘焙器材使用。\r\n4.學習甜點烘焙技巧與知識。\r\n5.與家人朋友一起享用幸福滋味。', '13 歲以上。', '烘焙食材 :器具、設備。\r\n現場使用:成品包裝。', '1.為了響應環保，請自備容器把自己做的成果帶回家。\r\n2.非報名該體驗者，請勿進入活動區域，以免干擾其他同學進行活動。', '1.於活動中如因非可究責主辦單位之因素中止參與活動，將不予退回款項。\r\n2.建議您出發日前 5 日前，可將名額轉讓。但請務必告知 ，代理參與者的姓名或帳號及聯絡資訊。\r\n3.如因天災等不可抗力因素，將主動聯繫延期或退款。\r\n', 5),
(9, 9, '9AX2009.png', '1.APP 及 iPad 數位教學。\r\n2.全程一人一機實作，收穫滿滿。\r\n3.提供新鮮食材、烘焙器材使用。\r\n4.學習甜點烘焙技巧與知識。\r\n5.與家人朋友一起享用幸福滋味。', '13 歲以上。', '烘焙食材 :器具、設備。\r\n現場使用:成品包裝。', '1.為了響應環保，請自備容器把自己做的成果帶回家。\r\n2.非報名該體驗者，請勿進入活動區域，以免干擾其他同學進行活動。', '1.於活動中如因非可究責主辦單位之因素中止參與活動，將不予退回款項。\r\n2.建議您出發日前 5 日前，可將名額轉讓。但請務必告知 ，代理參與者的姓名或帳號及聯絡資訊。\r\n3.如因天災等不可抗力因素，將主動聯繫延期或退款。\r\n', 5),
(10, 10, '1BX2001.png', '1.APP 及 iPad 數位教學。\r\n2.全程一人一機實作，收穫滿滿。\r\n3.提供新鮮食材、烘焙器材使用。\r\n4.學習甜點烘焙技巧與知識。\r\n5.與家人朋友一起享用幸福滋味。', '13 歲以上。', '烘焙食材 :器具、設備。\r\n現場使用:成品包裝。', '1.為了響應環保，請自備容器把自己做的成果帶回家。\r\n2.非報名該體驗者，請勿進入活動區域，以免干擾其他同學進行活動。', '1.於活動中如因非可究責主辦單位之因素中止參與活動，將不予退回款項。\r\n2.建議您出發日前 5 日前，可將名額轉讓。但請務必告知 ，代理參與者的姓名或帳號及聯絡資訊。\r\n3.如因天災等不可抗力因素，將主動聯繫延期或退款。\r\n', 5),
(11, 11, '2BX2002.png', '1.APP 及 iPad 數位教學。\r\n2.全程一人一機實作，收穫滿滿。\r\n3.提供新鮮食材、烘焙器材使用。\r\n4.學習甜點烘焙技巧與知識。\r\n5.與家人朋友一起享用幸福滋味。', '13 歲以上。', '烘焙食材 :器具、設備。\r\n現場使用:成品包裝。', '1.為了響應環保，請自備容器把自己做的成果帶回家。\r\n2.非報名該體驗者，請勿進入活動區域，以免干擾其他同學進行活動。', '1.於活動中如因非可究責主辦單位之因素中止參與活動，將不予退回款項。\r\n2.建議您出發日前 7 日前，可將名額轉讓。但請務必告知 ，代理參與者的姓名或帳號及聯絡資訊。\r\n3.如因天災等不可抗力因素，將主動聯繫延期或退款。\r\n', 7),
(12, 12, '3BX2003.png', '1.APP 及 iPad 數位教學。\r\n2.全程一人一機實作，收穫滿滿。\r\n3.提供新鮮食材、烘焙器材使用。\r\n4.學習甜點烘焙技巧與知識。\r\n5.與家人朋友一起享用幸福滋味。', '13 歲以上。', '烘焙食材 :器具、設備。\r\n現場使用:成品包裝。', '1.為了響應環保，請自備容器把自己做的成果帶回家。\r\n2.非報名該體驗者，請勿進入活動區域，以免干擾其他同學進行活動。', '1.於活動中如因非可究責主辦單位之因素中止參與活動，將不予退回款項。\r\n2.建議您出發日前 7 日前，可將名額轉讓。但請務必告知 ，代理參與者的姓名或帳號及聯絡資訊。\r\n3.如因天災等不可抗力因素，將主動聯繫延期或退款。\r\n', 7),
(13, 13, '4BX2004.png', '1.APP 及 iPad 數位教學。\r\n2.全程一人一機實作，收穫滿滿。\r\n3.提供新鮮食材、烘焙器材使用。\r\n4.學習甜點烘焙技巧與知識。\r\n5.與家人朋友一起享用幸福滋味。', '13 歲以上。', '烘焙食材 :器具、設備。\r\n現場使用:成品包裝。', '1.為了響應環保，請自備容器把自己做的成果帶回家。\r\n2.非報名該體驗者，請勿進入活動區域，以免干擾其他同學進行活動。', '1.於活動中如因非可究責主辦單位之因素中止參與活動，將不予退回款項。\r\n2.建議您出發日前 7 日前，可將名額轉讓。但請務必告知 ，代理參與者的姓名或帳號及聯絡資訊。\r\n3.如因天災等不可抗力因素，將主動聯繫延期或退款。\r\n', 7),
(14, 14, '5BX2005.png', '1.APP 及 iPad 數位教學。\r\n2.全程一人一機實作，收穫滿滿。\r\n3.提供新鮮食材、烘焙器材使用。\r\n4.學習甜點烘焙技巧與知識。\r\n5.與家人朋友一起享用幸福滋味。', '13 歲以上。', '烘焙食材 :器具、設備。\r\n現場使用:成品包裝。', '1.為了響應環保，請自備容器把自己做的成果帶回家。\r\n2.非報名該體驗者，請勿進入活動區域，以免干擾其他同學進行活動。', '1.於活動中如因非可究責主辦單位之因素中止參與活動，將不予退回款項。\r\n2.建議您出發日前 7 日前，可將名額轉讓。但請務必告知 ，代理參與者的姓名或帳號及聯絡資訊。\r\n3.如因天災等不可抗力因素，將主動聯繫延期或退款。\r\n', 7),
(15, 15, '6BX2006.png', '1.APP 及 iPad 數位教學。\r\n2.全程一人一機實作，收穫滿滿。\r\n3.提供新鮮食材、烘焙器材使用。\r\n4.學習甜點烘焙技巧與知識。\r\n5.與家人朋友一起享用幸福滋味。', '13 歲以上。', '烘焙食材 :器具、設備。\r\n現場使用:成品包裝。', '1.為了響應環保，請自備容器把自己做的成果帶回家。\r\n2.非報名該體驗者，請勿進入活動區域，以免干擾其他同學進行活動。', '1.於活動中如因非可究責主辦單位之因素中止參與活動，將不予退回款項。\r\n2.建議您出發日前 7 日前，可將名額轉讓。但請務必告知 ，代理參與者的姓名或帳號及聯絡資訊。\r\n3.如因天災等不可抗力因素，將主動聯繫延期或退款。\r\n', 7),
(16, 16, '7BX2007.png', '1.APP 及 iPad 數位教學。\r\n2.全程一人一機實作，收穫滿滿。\r\n3.提供新鮮食材、烘焙器材使用。\r\n4.學習甜點烘焙技巧與知識。\r\n5.與家人朋友一起享用幸福滋味。', '13 歲以上。', '烘焙食材 :器具、設備。\r\n現場使用:成品包裝。', '1.為了響應環保，請自備容器把自己做的成果帶回家。\r\n2.非報名該體驗者，請勿進入活動區域，以免干擾其他同學進行活動。', '1.於活動中如因非可究責主辦單位之因素中止參與活動，將不予退回款項。\r\n2.建議您出發日前 7 日前，可將名額轉讓。但請務必告知 ，代理參與者的姓名或帳號及聯絡資訊。\r\n3.如因天災等不可抗力因素，將主動聯繫延期或退款。\r\n', 7),
(17, 17, '1AX2001.png', '1.APP 及 iPad 數位教學。\r\n2.全程一人一機實作，收穫滿滿。\r\n3.提供新鮮食材、烘焙器材使用。\r\n4.學習甜點烘焙技巧與知識。\r\n5.與家人朋友一起享用幸福滋味。', '13 歲以上。', '烘焙食材 :器具、設備。\r\n現場使用:成品包裝。', '1.為了響應環保，請自備容器把自己做的成果帶回家。\r\n2.非報名該體驗者，請勿進入活動區域，以免干擾其他同學進行活動。', '1.於活動中如因非可究責主辦單位之因素中止參與活動，將不予退回款項。\r\n2.建議您出發日前 7 日前，可將名額轉讓。但請務必告知 ，代理參與者的姓名或帳號及聯絡資訊。\r\n3.如因天災等不可抗力因素，將主動聯繫延期或退款。\r\n', 7),
(18, 18, '2AX2002.png', '1.APP 及 iPad 數位教學。\r\n2.全程一人一機實作，收穫滿滿。\r\n3.提供新鮮食材、烘焙器材使用。\r\n4.學習甜點烘焙技巧與知識。\r\n5.與家人朋友一起享用幸福滋味。', '13 歲以上。', '烘焙食材 :器具、設備。\r\n現場使用:成品包裝。', '1.為了響應環保，請自備容器把自己做的成果帶回家。\r\n2.非報名該體驗者，請勿進入活動區域，以免干擾其他同學進行活動。', '1.於活動中如因非可究責主辦單位之因素中止參與活動，將不予退回款項。\r\n2.建議您出發日前 7 日前，可將名額轉讓。但請務必告知 ，代理參與者的姓名或帳號及聯絡資訊。\r\n3.如因天災等不可抗力因素，將主動聯繫延期或退款。\r\n', 7),
(19, 19, '3AX2003.png', '1.APP 及 iPad 數位教學。\r\n2.全程一人一機實作，收穫滿滿。\r\n3.提供新鮮食材、烘焙器材使用。\r\n4.學習甜點烘焙技巧與知識。\r\n5.與家人朋友一起享用幸福滋味。', '13 歲以上。', '烘焙食材 :器具、設備。\r\n現場使用:成品包裝。', '1.為了響應環保，請自備容器把自己做的成果帶回家。\r\n2.非報名該體驗者，請勿進入活動區域，以免干擾其他同學進行活動。', '1.於活動中如因非可究責主辦單位之因素中止參與活動，將不予退回款項。\r\n2.建議您出發日前 7 日前，可將名額轉讓。但請務必告知 ，代理參與者的姓名或帳號及聯絡資訊。\r\n3.如因天災等不可抗力因素，將主動聯繫延期或退款。\r\n', 7),
(20, 20, '4AX2004.png', '1.APP 及 iPad 數位教學。\r\n2.全程一人一機實作，收穫滿滿。\r\n3.提供新鮮食材、烘焙器材使用。\r\n4.學習甜點烘焙技巧與知識。\r\n5.與家人朋友一起享用幸福滋味。', '13 歲以上。', '烘焙食材 :器具、設備。\r\n現場使用:成品包裝。', '1.為了響應環保，請自備容器把自己做的成果帶回家。\r\n2.非報名該體驗者，請勿進入活動區域，以免干擾其他同學進行活動。', '1.於活動中如因非可究責主辦單位之因素中止參與活動，將不予退回款項。\r\n2.建議您出發日前 7日前，可將名額轉讓。但請務必告知 ，代理參與者的姓名或帳號及聯絡資訊。\r\n3.如因天災等不可抗力因素，將主動聯繫延期或退款。\r\n', 7),
(21, 21, '5AX2005.png', '1.APP 及 iPad 數位教學。\n2.全程一人一機實作，收穫滿滿。\n3.提供新鮮食材、烘焙器材使用。\n4.學習甜點烘焙技巧與知識。\n5.與家人朋友一起享用幸福滋味。', '13 歲以上', '烘焙食材 :器具、設備。\n現場使用:成品包裝。', '1.為了響應環保，請自備容器把自己做的成果帶回家。\n2.非報名該體驗者，請勿進入活動區域，以免干擾其他同學進行活動。\n', '1.於活動中如因非可究責主辦單位之因素中止參與活動，將不予退回款項。\n2.建議您出發日前 6 日前，可將名額轉讓。但請務必告知 ，代理參與者的姓名或帳號及聯絡資訊。\n3.如因天災等不可抗力因素，將主動聯繫延期或退款。\n', 6),
(22, 22, '6AX2006.png', '1.APP 及 iPad 數位教學。\n2.全程一人一機實作，收穫滿滿。\n3.提供新鮮食材、烘焙器材使用。\n4.學習甜點烘焙技巧與知識。\n5.與家人朋友一起享用幸福滋味。', '13 歲以上', '烘焙食材 :器具、設備。\n現場使用:成品包裝。', '1.為了響應環保，請自備容器把自己做的成果帶回家。\n2.非報名該體驗者，請勿進入活動區域，以免干擾其他同學進行活動。\n', '1.於活動中如因非可究責主辦單位之因素中止參與活動，將不予退回款項。\n2.建議您出發日前 6日前，可將名額轉讓。但請務必告知 ，代理參與者的姓名或帳號及聯絡資訊。\n3.如因天災等不可抗力因素，將主動聯繫延期或退款。\n', 6),
(23, 23, '7AX2007.png', '1.APP 及 iPad 數位教學。\n2.全程一人一機實作，收穫滿滿。\n3.提供新鮮食材、烘焙器材使用。\n4.學習甜點烘焙技巧與知識。\n5.與家人朋友一起享用幸福滋味。', '13 歲以上', '烘焙食材 :器具、設備。\n現場使用:成品包裝。', '1.為了響應環保，請自備容器把自己做的成果帶回家。\n2.非報名該體驗者，請勿進入活動區域，以免干擾其他同學進行活動。\n', '1.於活動中如因非可究責主辦單位之因素中止參與活動，將不予退回款項。\n2.建議您出發日前 6 日前，可將名額轉讓。但請務必告知 ，代理參與者的姓名或帳號及聯絡資訊。\n3.如因天災等不可抗力因素，將主動聯繫延期或退款。\n', 6),
(24, 24, '8AX2008.png', '1.APP 及 iPad 數位教學。\n2.全程一人一機實作，收穫滿滿。\n3.提供新鮮食材、烘焙器材使用。\n4.學習甜點烘焙技巧與知識。\n5.與家人朋友一起享用幸福滋味。', '13 歲以上', '烘焙食材 :器具、設備。\n現場使用:成品包裝。', '1.為了響應環保，請自備容器把自己做的成果帶回家。\n2.非報名該體驗者，請勿進入活動區域，以免干擾其他同學進行活動。\n', '1.於活動中如因非可究責主辦單位之因素中止參與活動，將不予退回款項。\n2.建議您出發日前 6 日前，可將名額轉讓。但請務必告知 ，代理參與者的姓名或帳號及聯絡資訊。\n3.如因天災等不可抗力因素，將主動聯繫延期或退款。\n', 6),
(25, 25, '9AX2009.png', '1.APP 及 iPad 數位教學。\n2.全程一人一機實作，收穫滿滿。\n3.提供新鮮食材、烘焙器材使用。\n4.學習甜點烘焙技巧與知識。\n5.與家人朋友一起享用幸福滋味。', '13 歲以上', '烘焙食材 :器具、設備。\n現場使用:成品包裝。', '1.為了響應環保，請自備容器把自己做的成果帶回家。\n2.非報名該體驗者，請勿進入活動區域，以免干擾其他同學進行活動。\n', '1.於活動中如因非可究責主辦單位之因素中止參與活動，將不予退回款項。\n2.建議您出發日前 6 日前，可將名額轉讓。但請務必告知 ，代理參與者的姓名或帳號及聯絡資訊。\n3.如因天災等不可抗力因素，將主動聯繫延期或退款。\n', 6),
(26, 26, '1BX2001.png', '1.APP 及 iPad 數位教學。\n2.全程一人一機實作，收穫滿滿。\n3.提供新鮮食材、烘焙器材使用。\n4.學習甜點烘焙技巧與知識。\n5.與家人朋友一起享用幸福滋味。', '13 歲以上', '烘焙食材 :器具、設備。\n現場使用:成品包裝。', '1.為了響應環保，請自備容器把自己做的成果帶回家。\n2.非報名該體驗者，請勿進入活動區域，以免干擾其他同學進行活動。\n', '1.於活動中如因非可究責主辦單位之因素中止參與活動，將不予退回款項。\n2.建議您出發日前 6 日前，可將名額轉讓。但請務必告知 ，代理參與者的姓名或帳號及聯絡資訊。\n3.如因天災等不可抗力因素，將主動聯繫延期或退款。\n', 6),
(27, 27, '2BX2002.png', '1.APP 及 iPad 數位教學。\n2.全程一人一機實作，收穫滿滿。\n3.提供新鮮食材、烘焙器材使用。\n4.學習甜點烘焙技巧與知識。\n5.與家人朋友一起享用幸福滋味。', '13 歲以上', '烘焙食材 :器具、設備。\n現場使用:成品包裝。', '1.為了響應環保，請自備容器把自己做的成果帶回家。\n2.非報名該體驗者，請勿進入活動區域，以免干擾其他同學進行活動。\n', '1.於活動中如因非可究責主辦單位之因素中止參與活動，將不予退回款項。\n2.建議您出發日前 6日前，可將名額轉讓。但請務必告知 ，代理參與者的姓名或帳號及聯絡資訊。\n3.如因天災等不可抗力因素，將主動聯繫延期或退款。\n', 6),
(28, 28, '3BX2003.png', '1.APP 及 iPad 數位教學。\n2.全程一人一機實作，收穫滿滿。\n3.提供新鮮食材、烘焙器材使用。\n4.學習甜點烘焙技巧與知識。\n5.與家人朋友一起享用幸福滋味。', '13 歲以上', '烘焙食材 :器具、設備。\n現場使用:成品包裝。', '1.為了響應環保，請自備容器把自己做的成果帶回家。\n2.非報名該體驗者，請勿進入活動區域，以免干擾其他同學進行活動。\n', '1.於活動中如因非可究責主辦單位之因素中止參與活動，將不予退回款項。\n2.建議您出發日前 6 日前，可將名額轉讓。但請務必告知 ，代理參與者的姓名或帳號及聯絡資訊。\n3.如因天災等不可抗力因素，將主動聯繫延期或退款。\n', 6),
(29, 29, '4BX2004.png', '1.APP 及 iPad 數位教學。\n2.全程一人一機實作，收穫滿滿。\n3.提供新鮮食材、烘焙器材使用。\n4.學習甜點烘焙技巧與知識。\n5.與家人朋友一起享用幸福滋味。', '13 歲以上', '烘焙食材 :器具、設備。\n現場使用:成品包裝。', '1.為了響應環保，請自備容器把自己做的成果帶回家。\n2.非報名該體驗者，請勿進入活動區域，以免干擾其他同學進行活動。\n', '1.於活動中如因非可究責主辦單位之因素中止參與活動，將不予退回款項。\n2.建議您出發日前 6 日前，可將名額轉讓。但請務必告知 ，代理參與者的姓名或帳號及聯絡資訊。\n3.如因天災等不可抗力因素，將主動聯繫延期或退款。\n', 6),
(30, 30, '5BX2005.png', '1.APP 及 iPad 數位教學。\n2.全程一人一機實作，收穫滿滿。\n3.提供新鮮食材、烘焙器材使用。\n4.學習甜點烘焙技巧與知識。\n5.與家人朋友一起享用幸福滋味。', '13 歲以上', '烘焙食材 :器具、設備。\n現場使用:成品包裝。', '1.為了響應環保，請自備容器把自己做的成果帶回家。\n2.非報名該體驗者，請勿進入活動區域，以免干擾其他同學進行活動。\n', '1.於活動中如因非可究責主辦單位之因素中止參與活動，將不予退回款項。\n2.建議您出發日前 6 日前，可將名額轉讓。但請務必告知 ，代理參與者的姓名或帳號及聯絡資訊。\n3.如因天災等不可抗力因素，將主動聯繫延期或退款。\n', 6),
(31, 31, '6BX2006.png', '1.APP 及 iPad 數位教學。\n2.全程一人一機實作，收穫滿滿。\n3.提供新鮮食材、烘焙器材使用。\n4.學習甜點烘焙技巧與知識。\n5.與家人朋友一起享用幸福滋味。', '13 歲以上', '烘焙食材 :器具、設備。\n現場使用:成品包裝。', '1.為了響應環保，請自備容器把自己做的成果帶回家。\n2.非報名該體驗者，請勿進入活動區域，以免干擾其他同學進行活動。\n', '1.於活動中如因非可究責主辦單位之因素中止參與活動，將不予退回款項。\n2.建議您出發日前 6 日前，可將名額轉讓。但請務必告知 ，代理參與者的姓名或帳號及聯絡資訊。\n3.如因天災等不可抗力因素，將主動聯繫延期或退款。\n', 6),
(32, 32, '7BX2007.png', '1.APP 及 iPad 數位教學。\n2.全程一人一機實作，收穫滿滿。\n3.提供新鮮食材、烘焙器材使用。\n4.學習甜點烘焙技巧與知識。\n5.與家人朋友一起享用幸福滋味。', '13 歲以上', '烘焙食材 :器具、設備。\n現場使用:成品包裝。', '1.為了響應環保，請自備容器把自己做的成果帶回家。\n2.非報名該體驗者，請勿進入活動區域，以免干擾其他同學進行活動。\n', '1.於活動中如因非可究責主辦單位之因素中止參與活動，將不予退回款項。\n2.建議您出發日前 6日前，可將名額轉讓。但請務必告知 ，代理參與者的姓名或帳號及聯絡資訊。\n3.如因天災等不可抗力因素，將主動聯繫延期或退款。\n', 6),
(33, 33, '1AX2001.png', '1.APP 及 iPad 數位教學。\n2.全程一人一機實作，收穫滿滿。\n3.提供新鮮食材、烘焙器材使用。\n4.學習甜點烘焙技巧與知識。\n5.與家人朋友一起享用幸福滋味。', '13 歲以上', '烘焙食材 :器具、設備。\n現場使用:成品包裝。', '1.為了響應環保，請自備容器把自己做的成果帶回家。\n2.非報名該體驗者，請勿進入活動區域，以免干擾其他同學進行活動。\n', '1.於活動中如因非可究責主辦單位之因素中止參與活動，將不予退回款項。\n2.建議您出發日前 6 日前，可將名額轉讓。但請務必告知 ，代理參與者的姓名或帳號及聯絡資訊。\n3.如因天災等不可抗力因素，將主動聯繫延期或退款。\n', 6),
(34, 34, '2AX2002.png', '1.APP 及 iPad 數位教學。\n2.全程一人一機實作，收穫滿滿。\n3.提供新鮮食材、烘焙器材使用。\n4.學習甜點烘焙技巧與知識。\n5.與家人朋友一起享用幸福滋味。', '13 歲以上', '烘焙食材 :器具、設備。\n現場使用:成品包裝。', '1.為了響應環保，請自備容器把自己做的成果帶回家。\n2.非報名該體驗者，請勿進入活動區域，以免干擾其他同學進行活動。\n', '1.於活動中如因非可究責主辦單位之因素中止參與活動，將不予退回款項。\n2.建議您出發日前 6 日前，可將名額轉讓。但請務必告知 ，代理參與者的姓名或帳號及聯絡資訊。\n3.如因天災等不可抗力因素，將主動聯繫延期或退款。\n', 6),
(35, 35, '3AX2003.png', '1.APP 及 iPad 數位教學。\n2.全程一人一機實作，收穫滿滿。\n3.提供新鮮食材、烘焙器材使用。\n4.學習甜點烘焙技巧與知識。\n5.與家人朋友一起享用幸福滋味。', '13 歲以上', '烘焙食材 :器具、設備。\n現場使用:成品包裝。', '1.為了響應環保，請自備容器把自己做的成果帶回家。\n2.非報名該體驗者，請勿進入活動區域，以免干擾其他同學進行活動。\n', '1.於活動中如因非可究責主辦單位之因素中止參與活動，將不予退回款項。\n2.建議您出發日前 6 日前，可將名額轉讓。但請務必告知 ，代理參與者的姓名或帳號及聯絡資訊。\n3.如因天災等不可抗力因素，將主動聯繫延期或退款。\n', 6),
(36, 36, '4AX2004.png', '1.APP 及 iPad 數位教學。\n2.全程一人一機實作，收穫滿滿。\n3.提供新鮮食材、烘焙器材使用。\n4.學習甜點烘焙技巧與知識。\n5.與家人朋友一起享用幸福滋味。', '13 歲以上', '烘焙食材 :器具、設備。\n現場使用:成品包裝。', '1.為了響應環保，請自備容器把自己做的成果帶回家。\n2.非報名該體驗者，請勿進入活動區域，以免干擾其他同學進行活動。\n', '1.於活動中如因非可究責主辦單位之因素中止參與活動，將不予退回款項。\n2.建議您出發日前 6 日前，可將名額轉讓。但請務必告知 ，代理參與者的姓名或帳號及聯絡資訊。\n3.如因天災等不可抗力因素，將主動聯繫延期或退款。\n', 6),
(37, 37, '5AX2005.png', '1.APP 及 iPad 數位教學。\n2.全程一人一機實作，收穫滿滿。\n3.提供新鮮食材、烘焙器材使用。\n4.學習甜點烘焙技巧與知識。\n5.與家人朋友一起享用幸福滋味。', '13 歲以上', '烘焙食材 :器具、設備。\n現場使用:成品包裝。', '1.為了響應環保，請自備容器把自己做的成果帶回家。\n2.非報名該體驗者，請勿進入活動區域，以免干擾其他同學進行活動。\n', '1.於活動中如因非可究責主辦單位之因素中止參與活動，將不予退回款項。\n2.建議您出發日前 6日前，可將名額轉讓。但請務必告知 ，代理參與者的姓名或帳號及聯絡資訊。\n3.如因天災等不可抗力因素，將主動聯繫延期或退款。\n', 6),
(38, 38, '6AX2006.png', '1.APP 及 iPad 數位教學。\n2.全程一人一機實作，收穫滿滿。\n3.提供新鮮食材、烘焙器材使用。\n4.學習甜點烘焙技巧與知識。\n5.與家人朋友一起享用幸福滋味。', '13 歲以上', '烘焙食材 :器具、設備。\n現場使用:成品包裝。', '1.為了響應環保，請自備容器把自己做的成果帶回家。\n2.非報名該體驗者，請勿進入活動區域，以免干擾其他同學進行活動。\n', '1.於活動中如因非可究責主辦單位之因素中止參與活動，將不予退回款項。\n2.建議您出發日前 6 日前，可將名額轉讓。但請務必告知 ，代理參與者的姓名或帳號及聯絡資訊。\n3.如因天災等不可抗力因素，將主動聯繫延期或退款。\n', 6),
(39, 39, '7AX2007.png', '1.APP 及 iPad 數位教學。\n2.全程一人一機實作，收穫滿滿。\n3.提供新鮮食材、烘焙器材使用。\n4.學習甜點烘焙技巧與知識。\n5.與家人朋友一起享用幸福滋味。', '13 歲以上', '烘焙食材 :器具、設備。\n現場使用:成品包裝。', '1.為了響應環保，請自備容器把自己做的成果帶回家。\n2.非報名該體驗者，請勿進入活動區域，以免干擾其他同學進行活動。\n', '1.於活動中如因非可究責主辦單位之因素中止參與活動，將不予退回款項。\n2.建議您出發日前 6 日前，可將名額轉讓。但請務必告知 ，代理參與者的姓名或帳號及聯絡資訊。\n3.如因天災等不可抗力因素，將主動聯繫延期或退款。\n', 6),
(40, 40, '8AX2008.png', '1.APP 及 iPad 數位教學。\n2.全程一人一機實作，收穫滿滿。\n3.提供新鮮食材、烘焙器材使用。\n4.學習甜點烘焙技巧與知識。\n5.與家人朋友一起享用幸福滋味。', '13 歲以上', '烘焙食材 :器具、設備。\n現場使用:成品包裝。', '1.為了響應環保，請自備容器把自己做的成果帶回家。\n2.非報名該體驗者，請勿進入活動區域，以免干擾其他同學進行活動。\n', '1.於活動中如因非可究責主辦單位之因素中止參與活動，將不予退回款項。\n2.建議您出發日前 6 日前，可將名額轉讓。但請務必告知 ，代理參與者的姓名或帳號及聯絡資訊。\n3.如因天災等不可抗力因素，將主動聯繫延期或退款。\n', 6),
(41, 41, '9AX2009.png', '1.APP 及 iPad 數位教學。\r\n2.全程一人一機實作，收穫滿滿。\r\n3.提供新鮮食材、烘焙器材使用。\r\n4.學習甜點烘焙技巧與知識。\r\n5.與家人朋友一起享用幸福滋味。', '13 歲以上', '烘焙食材 :器具、設備。\r\n現場使用:成品包裝。', '1.為了響應環保，請自備容器把自己做的成果帶回家。\r\n2.非報名該體驗者，請勿進入活動區域，以免干擾其他同學進行活動。', '1.於活動中如因非可究責主辦單位之因素中止參與活動，將不予退回款項。\r\n2.建議您出發日前 6 日前，可將名額轉讓。但請務必告知 ，代理參與者的姓名或帳號及聯絡資訊。\r\n3.如因天災等不可抗力因素，將主動聯繫延期或退款。', 6),
(42, 42, '1BX2001.png', '1.APP 及 iPad 數位教學。\r\n2.全程一人一機實作，收穫滿滿。\r\n3.提供新鮮食材、烘焙器材使用。\r\n4.學習甜點烘焙技巧與知識。\r\n5.與家人朋友一起享用幸福滋味。', '13 歲以上', '烘焙食材 :器具、設備。\r\n現場使用:成品包裝。', '1.為了響應環保，請自備容器把自己做的成果帶回家。\r\n2.非報名該體驗者，請勿進入活動區域，以免干擾其他同學進行活動', '1.於活動中如因非可究責主辦單位之因素中止參與活動，將不予退回款項。\r\n2.建議您出發日前 6 日前，可將名額轉讓。但請務必告知 ，代理參與者的姓名或帳號及聯絡資訊。\r\n3.如因天災等不可抗力因素，將主動聯繫延期或退款。', 6),
(43, 43, '2BX2002.png', '1.APP 及 iPad 數位教學。\r\n2.全程一人一機實作，收穫滿滿。\r\n3.提供新鮮食材、烘焙器材使用。\r\n4.學習甜點烘焙技巧與知識。\r\n5.與家人朋友一起享用幸福滋味。', '13 歲以上', '烘焙食材 :器具、設備。\r\n現場使用:成品包裝。', '1.為了響應環保，請自備容器把自己做的成果帶回家。\r\n2.非報名該體驗者，請勿進入活動區域，以免干擾其他同學進行活動。', '1.於活動中如因非可究責主辦單位之因素中止參與活動，將不予退回款項。\r\n2.建議您出發日前 5 日前，可將名額轉讓。但請務必告知 ，代理參與者的姓名或帳號及聯絡資訊。\r\n3.如因天災等不可抗力因素，將主動聯繫延期或退款。\r\n', 5),
(44, 44, '3BX2003.png', '1.APP 及 iPad 數位教學。\r\n2.全程一人一機實作，收穫滿滿。\r\n3.提供新鮮食材、烘焙器材使用。\r\n4.學習甜點烘焙技巧與知識。\r\n5.與家人朋友一起享用幸福滋味。', '13 歲以上', '烘焙食材 :器具、設備。\r\n現場使用:成品包裝。', '1.為了響應環保，請自備容器把自己做的成果帶回家。\r\n2.非報名該體驗者，請勿進入活動區域，以免干擾其他同學進行活動。', '1.於活動中如因非可究責主辦單位之因素中止參與活動，將不予退回款項。\r\n2.建議您出發日前 5日前，可將名額轉讓。但請務必告知 ，代理參與者的姓名或帳號及聯絡資訊。\r\n3.如因天災等不可抗力因素，將主動聯繫延期或退款。\r\n', 5),
(45, 45, '8AX2008.png', '1.APP 及 iPad 數位教學。\n2.全程一人一機實作，收穫滿滿。\n3.提供新鮮食材、烘焙器材使用。\n4.學習甜點烘焙技巧與知識。\n5.與家人朋友一起享用幸福滋味。', '13 歲以上', '烘焙食材 :器具、設備。\n現場使用:成品包裝。', '1.為了響應環保，請自備容器把自己做的成果帶回家。\n2.非報名該體驗者，請勿進入活動區域，以免干擾其他同學進行活動。\n', '1.於活動中如因非可究責主辦單位之因素中止參與活動，將不予退回款項。\n2.建議您出發日前 6 日前，可將名額轉讓。但請務必告知 ，代理參與者的姓名或帳號及聯絡資訊。\n3.如因天災等不可抗力因素，將主動聯繫延期或退款。\n', 6),
(46, 46, '9AX2009.png', '1.APP 及 iPad 數位教學。\n2.全程一人一機實作，收穫滿滿。\n3.提供新鮮食材、烘焙器材使用。\n4.學習甜點烘焙技巧與知識。\n5.與家人朋友一起享用幸福滋味。', '13 歲以上', '烘焙食材 :器具、設備。\n現場使用:成品包裝。', '1.為了響應環保，請自備容器把自己做的成果帶回家。\n2.非報名該體驗者，請勿進入活動區域，以免干擾其他同學進行活動。\n', '1.於活動中如因非可究責主辦單位之因素中止參與活動，將不予退回款項。\n2.建議您出發日前 5 日前，可將名額轉讓。但請務必告知 ，代理參與者的姓名或帳號及聯絡資訊。\n3.如因天災等不可抗力因素，將主動聯繫延期或退款。\n', 5),
(47, 47, '1BX2001.png', '1.APP 及 iPad 數位教學。\n2.全程一人一機實作，收穫滿滿。\n3.提供新鮮食材、烘焙器材使用。\n4.學習甜點烘焙技巧與知識。\n5.與家人朋友一起享用幸福滋味。', '13 歲以上', '烘焙食材 :器具、設備。\n現場使用:成品包裝。', '1.為了響應環保，請自備容器把自己做的成果帶回家。\n2.非報名該體驗者，請勿進入活動區域，以免干擾其他同學進行活動。\n', '1.於活動中如因非可究責主辦單位之因素中止參與活動，將不予退回款項。\n2.建議您出發日前 5 日前，可將名額轉讓。但請務必告知 ，代理參與者的姓名或帳號及聯絡資訊。\n3.如因天災等不可抗力因素，將主動聯繫延期或退款。\n', 5),
(48, 48, '2BX2002.png', '1.APP 及 iPad 數位教學。\n2.全程一人一機實作，收穫滿滿。\n3.提供新鮮食材、烘焙器材使用。\n4.學習甜點烘焙技巧與知識。\n5.與家人朋友一起享用幸福滋味。', '13 歲以上', '烘焙食材 :器具、設備。\n現場使用:成品包裝。', '1.為了響應環保，請自備容器把自己做的成果帶回家。\n2.非報名該體驗者，請勿進入活動區域，以免干擾其他同學進行活動。\n', '1.於活動中如因非可究責主辦單位之因素中止參與活動，將不予退回款項。\n2.建議您出發日前 5 日前，可將名額轉讓。但請務必告知 ，代理參與者的姓名或帳號及聯絡資訊。\n3.如因天災等不可抗力因素，將主動聯繫延期或退款。\n', 5),
(49, 49, '3BX2003.png', '1.APP 及 iPad 數位教學。\n2.全程一人一機實作，收穫滿滿。\n3.提供新鮮食材、烘焙器材使用。\n4.學習甜點烘焙技巧與知識。\n5.與家人朋友一起享用幸福滋味。', '13 歲以上', '烘焙食材 :器具、設備。\n現場使用:成品包裝。', '1.為了響應環保，請自備容器把自己做的成果帶回家。\n2.非報名該體驗者，請勿進入活動區域，以免干擾其他同學進行活動。\n', '1.於活動中如因非可究責主辦單位之因素中止參與活動，將不予退回款項。\n2.建議您出發日前 5 日前，可將名額轉讓。但請務必告知 ，代理參與者的姓名或帳號及聯絡資訊。\n3.如因天災等不可抗力因素，將主動聯繫延期或退款。\n', 5),
(50, 50, '4BX2004.png', '1.APP 及 iPad 數位教學。\n2.全程一人一機實作，收穫滿滿。\n3.提供新鮮食材、烘焙器材使用。\n4.學習甜點烘焙技巧與知識。\n5.與家人朋友一起享用幸福滋味。', '13 歲以上', '烘焙食材 :器具、設備。\n現場使用:成品包裝。', '1.為了響應環保，請自備容器把自己做的成果帶回家。\n2.非報名該體驗者，請勿進入活動區域，以免干擾其他同學進行活動。\n', '1.於活動中如因非可究責主辦單位之因素中止參與活動，將不予退回款項。\n2.建議您出發日前 5 日前，可將名額轉讓。但請務必告知 ，代理參與者的姓名或帳號及聯絡資訊。\n3.如因天災等不可抗力因素，將主動聯繫延期或退款。\n', 5);

-- --------------------------------------------------------

--
-- 資料表結構 `course_order`
--

CREATE TABLE `course_order` (
  `course_order_sid` int(11) NOT NULL COMMENT '課程訂單編號',
  `order_sid` int(11) NOT NULL DEFAULT '0' COMMENT '會員訂單編號',
  `course_sid` int(11) NOT NULL DEFAULT '0' COMMENT '課程編號',
  `course_order_choose` datetime NOT NULL DEFAULT CURRENT_TIMESTAMP COMMENT '課程選擇日期',
  `course_order_applicants` int(11) NOT NULL DEFAULT '0' COMMENT '報名人數',
  `transfer_status_sid` int(11) NOT NULL DEFAULT '0' COMMENT '轉讓狀態編號',
  `member_sid` int(11) NOT NULL DEFAULT '0' COMMENT 'sid(PK)會員編號(轉讓者)'
) ENGINE=InnoDB DEFAULT CHARSET=utf8 COMMENT='會員訂單詳細表(課程)					';

--
-- 傾印資料表的資料 `course_order`
--

INSERT INTO `course_order` (`course_order_sid`, `order_sid`, `course_sid`, `course_order_choose`, `course_order_applicants`, `transfer_status_sid`, `member_sid`) VALUES
(68, 44, 2, '2019-12-28 09:00:00', 1, 0, 0),
(69, 44, 2, '2019-12-29 12:00:00', 1, 0, 0),
(70, 44, 2, '2019-12-27 09:00:00', 1, 0, 0),
(71, 44, 2, '2019-12-26 12:00:00', 1, 0, 0),
(72, 44, 2, '2019-12-12 09:00:00', 1, 0, 0),
(73, 158, 36, '2019-12-25 15:00:00', 9, 0, 0),
(74, 158, 36, '2019-12-25 15:00:00', 9, 0, 0),
(75, 158, 36, '2019-12-25 15:00:00', 7, 0, 0),
(76, 159, 36, '2019-12-25 15:00:00', 8, 0, 0),
(77, 160, 36, '2019-12-25 15:00:00', 8, 0, 0),
(78, 161, 36, '2019-12-25 15:00:00', 5, 0, 0),
(79, 162, 36, '2019-12-25 15:00:00', 5, 0, 0),
(80, 167, 36, '2019-12-25 15:00:00', 7, 0, 0),
(81, 167, 36, '2019-12-25 15:00:00', 5, 0, 0),
(82, 177, 36, '2019-12-25 15:00:00', 5, 0, 0),
(83, 182, 36, '2019-12-25 15:00:00', 1, 0, 0),
(84, 188, 220, '2019-12-13 15:00:00', 20, 0, 0),
(85, 188, 220, '2019-12-13 18:00:00', 20, 0, 0),
(86, 190, 247, '2019-11-13 15:00:00', 10, 0, 0),
(87, 196, 152, '2020-01-24 15:00:00', 4, 0, 0),
(88, 196, 152, '2020-06-02 09:00:00', 5, 0, 0),
(89, 198, 144, '2020-02-21 15:00:00', 9, 0, 0),
(90, 198, 144, '2020-04-22 09:00:00', 2, 0, 0),
(91, 44, 2, '2019-11-27 09:00:00', 1, 0, 0),
(92, 204, 148, '2020-02-29 15:00:00', 7, 0, 0),
(93, 204, 148, '2020-07-04 09:00:00', 4, 0, 0),
(94, 205, 148, '2020-04-23 15:00:00', 2, 0, 0),
(95, 205, 148, '2020-08-18 09:00:00', 3, 0, 0),
(96, 211, 54, '2020-02-28 09:00:00', 4, 0, 0),
(97, 211, 54, '2020-04-03 12:00:00', 6, 0, 0),
(98, 214, 1, '2019-11-08 15:00:00', 1, 0, 0),
(99, 216, 140, '2020-03-20 15:00:00', 8, 0, 0),
(100, 216, 140, '2020-04-21 12:00:00', 8, 0, 0),
(101, 217, 1, '2019-11-28 12:00:00', 2, 0, 0),
(102, 220, 144, '2020-03-27 12:00:00', 5, 0, 0),
(103, 220, 144, '2020-03-23 09:00:00', 3, 0, 0),
(104, 44, 151, '2019-12-18 09:00:00', 20, 0, 0),
(105, 44, 151, '2019-12-18 12:00:00', 20, 0, 0),
(106, 44, 151, '2019-12-18 15:00:00', 20, 0, 0),
(107, 44, 151, '2019-12-20 09:00:00', 20, 0, 0),
(108, 44, 151, '2019-12-20 12:00:00', 20, 0, 0),
(109, 44, 151, '2019-12-20 15:00:00', 20, 0, 0),
(110, 44, 151, '2019-12-22 09:00:00', 20, 0, 0),
(111, 44, 151, '2019-12-22 12:00:00', 20, 0, 0),
(112, 44, 151, '2019-12-22 15:00:00', 20, 0, 0),
(113, 44, 151, '2019-12-09 09:00:00', 20, 0, 0),
(114, 44, 151, '2019-12-09 12:00:00', 20, 0, 0),
(115, 44, 151, '2019-12-09 15:00:00', 20, 0, 0),
(116, 44, 151, '2019-12-11 09:00:00', 16, 0, 0),
(117, 44, 151, '2019-12-23 09:00:00', 16, 0, 0),
(118, 44, 151, '2019-12-30 15:00:00', 17, 0, 0),
(119, 44, 151, '2019-12-15 18:00:00', 17, 0, 0),
(120, 44, 151, '2019-12-08 18:00:00', 18, 0, 0),
(121, 224, 152, '2019-12-26 15:00:00', 6, 0, 0),
(122, 225, 144, '2020-05-01 12:00:00', 8, 0, 0),
(123, 233, 145, '2019-12-25 12:00:00', 8, 0, 0),
(124, 233, 145, '2019-12-30 15:00:00', 4, 0, 0),
(125, 233, 153, '2019-12-04 12:00:00', 16, 0, 0),
(126, 234, 153, '2019-12-14 15:00:00', 16, 0, 0),
(127, 234, 153, '2019-12-16 15:00:00', 16, 0, 0),
(128, 235, 197, '2019-12-12 12:00:00', 26, 0, 0),
(129, 235, 197, '2019-12-24 09:00:00', 26, 0, 0),
(130, 235, 197, '2019-12-12 15:00:00', 26, 0, 0),
(131, 236, 53, '2019-12-12 09:00:00', 26, 0, 0),
(132, 237, 189, '2019-12-24 12:00:00', 26, 0, 0),
(133, 237, 189, '2019-12-07 12:00:00', 27, 0, 0),
(134, 240, 140, '2019-12-04 09:00:00', 22, 0, 0),
(135, 294, 194, '2019-12-19 12:00:00', 1, 0, 0),
(136, 294, 227, '2019-12-03 09:00:00', 30, 0, 0),
(137, 295, 227, '2019-12-04 09:00:00', 8, 0, 0),
(138, 295, 227, '2019-12-04 12:00:00', 6, 0, 0),
(139, 295, 227, '2019-12-05 15:00:00', 30, 0, 0),
(140, 295, 227, '2019-12-04 15:00:00', 30, 0, 0),
(141, 296, 188, '2019-12-05 12:00:00', 20, 0, 0),
(142, 296, 188, '2019-12-06 15:00:00', 20, 0, 0),
(143, 297, 296, '2019-12-06 12:00:00', 20, 0, 0),
(144, 297, 296, '2019-12-08 15:00:00', 20, 0, 0),
(145, 297, 296, '2019-12-11 12:00:00', 20, 0, 0),
(146, 303, 31, '2019-12-11 12:00:00', 1, 0, 0),
(147, 304, 105, '2019-12-19 12:00:00', 1, 0, 0),
(148, 319, 31, '2019-12-13 15:00:00', 1, 0, 0),
(151, 325, 227, '2019-12-24 09:00:00', 2, 0, 0),
(152, 332, 197, '2019-12-12 15:00:00', 4, 0, 0),
(155, 345, 197, '2019-12-12 12:00:00', 4, 0, 0);

-- --------------------------------------------------------

--
-- 資料表結構 `ingredients`
--

CREATE TABLE `ingredients` (
  `ingredients_sid` int(11) NOT NULL COMMENT 'sid(PK)食材編號',
  `bake_sid` int(11) NOT NULL DEFAULT '0' COMMENT 'sid(PK)推薦烘焙編號',
  `ingredients_name` varchar(255) NOT NULL DEFAULT '"' COMMENT '食材名稱',
  `ingredients_en_name` varchar(255) NOT NULL DEFAULT '' COMMENT '食材英文名稱',
  `ingredients_image` text,
  `ingredients_place` varchar(255) NOT NULL DEFAULT '"' COMMENT '食材產地',
  `ingredients_size` varchar(255) NOT NULL DEFAULT '"' COMMENT '食材規格',
  `ingredients_price` int(11) NOT NULL DEFAULT '0' COMMENT '食材價格',
  `ingredients_detial` text COMMENT '食材詳細'
) ENGINE=InnoDB DEFAULT CHARSET=utf8 COMMENT='食材表';

--
-- 傾印資料表的資料 `ingredients`
--

INSERT INTO `ingredients` (`ingredients_sid`, `bake_sid`, `ingredients_name`, `ingredients_en_name`, `ingredients_image`, `ingredients_place`, `ingredients_size`, `ingredients_price`, `ingredients_detial`) VALUES
(3, 1, '香草精', 'Vanilla Extract', 'ingredients_12.jpg', '美國', '29ml\r\n', 275, '香草精是用酒精對香草豆筴進行萃取，萃取出其精華部分濃縮而成'),
(4, 1, '無鹽奶油', 'Unsalted Butter', 'ingredients_13.jpg', '紐西蘭', '454克', 186, '取自歐洲新鮮牛奶製成，經嚴謹的生產把關，凝結出一塊珍貴的奶油'),
(5, 1, '細砂糖', 'Castor Sugar', 'ingredients_04.jpg\r\n', '法國', '500克\r\n', 105, '細緻、質地濕潤，保濕效果較佳，易於上色'),
(6, 1, '中筋麵粉', 'Plain Flour', 'ingredients_22.jpg', '印度', '500克', 550, '不含麩質、乳製品和雞蛋，非轉基因食品，素食材料。非常適合甜點及烘焙應用'),
(7, 1, '泡打粉', 'Baking Powder', 'ingredients_17.jpg', '美國', '113克', 80, '泡打粉是一種膨鬆劑，主要用於烘焙製品的快速發酵'),
(8, 2, '水果泥\r\n', 'Fruit Puree\r\n', 'ingredients_26.jpg\r\n', '法國\r\n', '120克\r\n', 120, '無添加鹽和糖，成份單純簡單。無人工色素及香料，嚐到的每一口，都是天然蔬果泥\r\n'),
(9, 2, '杏仁粉\r\n', 'Almond Powder\r\n', 'ingredients_25.jpg\r\n', '美國\r\n', '284克\r\n', 185, '真正食物杏仁麵粉 100% 純正、不平衡、不含麩質、碳水化合物含量低。杏仁粉會為您最喜愛的烘焙食品增添豐富的質地和顏色\r\n'),
(10, 2, '鮮奶油\r\n', 'Fresh Cream\r\n', 'ingredients_19.jpg\r\n', '法國\r\n', '1000ml\r\n', 230, '煮白醬、濃湯、布蕾、奶酪，並且需要奶香氣來提升成品口感的運用皆可\r\n'),
(11, 2, '苦甜巧克力\r\n', 'Bittersweet Chocolate\r\n', 'ingredients_24.jpg\r\n', '馬來西亞\r\n', '400克\r\n', 280, '源自西非象牙海岸及迦納，可可含量特高，經滾輪式研磨機精準細磨，巧克力品質均勻細緻\r\n'),
(12, 2, '食用色素\r\n', 'Food Colouring\r\n', 'ingredients_07.jpg\r\n', '台灣\r\n', '35克\r\n', 100, '台灣製造，顏色豐富，色準到位，非常適用於糖霜、翻糖、馬卡龍等染色\r\n'),
(13, 2, '細砂糖\r\n', 'Castor Sugar\r\n', 'ingredients_04.jpg\r\n', '法國\r\n', '500克\r\n', 105, '細緻、質地濕潤，保濕效果較佳，易於上色\r\n'),
(14, 3, '苦甜巧克力\r\n', 'Bittersweet Chocolate\r\n', 'ingredients_24.jpg\r\n', '馬來西亞\r\n', '400克\r\n', 280, '源自西非象牙海岸及迦納，可可含量特高，經滾輪式研磨機精準細磨，巧克力品質均勻細緻\r\n'),
(15, 3, '香草精\r\n', 'Vanilla Extract\r\n', 'ingredients_12.jpg\r\n', '美國\r\n', '29ml\r\n', 275, '香草精是用酒精對香草豆筴進行萃取，萃取出其精華部分濃縮而成\r\n'),
(16, 3, '好時可可粉\r\n', 'Cocoa Powder\r\n', 'ingredients_06.jpg\r\n', '美國\r\n', '453克\r\n', 350, '可可粉第一大品牌，品質穩定，純可可粉不含糖及奶精，符合健康潮流的新選擇\r\n'),
(17, 3, '低筋麵粉\r\n', 'Cake Flour\r\n', 'ingredients_18.jpg\r\n', '美國\r\n', '1000克\r\n', 150, '優質美國軟白麥磨製，麵粉粒徑均勻，最適於蛋糕、西點之操作性\r\n'),
(18, 3, '細砂糖\r\n', 'Castor Sugar\r\n', 'ingredients_04.jpg\r\n', '法國\r\n', '500克\r\n', 105, '細緻、質地濕潤，保濕效果較佳，易於上色\r\n'),
(19, 3, '無鹽奶油\r\n', 'Unsalted Butter\r\n', 'ingredients_13.jpg\r\n', '紐西蘭\r\n', '454克\r\n', 186, '取自歐洲新鮮牛奶製成，經嚴謹的生產把關，凝結出一塊珍貴的奶油\r\n'),
(20, 4, '低筋麵粉\r\n', 'Cake Flour\r\n', 'ingredients_18.jpg\r\n', '美國\r\n', '1000克\r\n', 150, '優質美國軟白麥磨製，麵粉粒徑均勻，最適於蛋糕、西點之操作性\r\n'),
(21, 4, '玉米粉\r\n', 'Corn Flour\r\n', 'ingredients_23.jpg\r\n', '台灣\r\n', '500克\r\n', 35, '可用於西點製作為派餡，作蛋糕時加入少量,增加蛋糕鬆軟\r\n'),
(22, 4, '鮮奶油\r\n', 'Fresh Cream\r\n', 'ingredients_19.jpg\r\n', '法國\r\n', '1000ml\r\n', 230, '煮白醬、濃湯、布蕾、奶酪，並且需要奶香氣來提升成品口感的運用皆可\r\n'),
(23, 4, '細砂糖\r\n', 'Castor Sugar\r\n', 'ingredients_04.jpg\r\n', '法國\r\n', '500克\r\n', 105, '細緻、質地濕潤，保濕效果較佳，易於上色\r\n'),
(24, 4, '無鹽奶油\r\n', 'Unsalted Butter\r\n', 'ingredients_13.jpg\r\n', '紐西蘭\r\n', '454克\r\n', 186, '取自歐洲新鮮牛奶製成，經嚴謹的生產把關，凝結出一塊珍貴的奶油\r\n'),
(25, 5, '中筋麵粉\r\n', 'Plain Flour\r\n', 'ingredients_22.jpg\r\n', '印度\r\n', '500克\r\n', 550, '不含麩質、乳製品和雞蛋，非轉基因食品，素食材料。非常適合甜點及烘焙應用\r\n'),
(26, 5, '抹茶粉\r\n', 'Matcha Powder\r\n', 'ingredients_21.jpg\r\n', '日本\r\n', '100克\r\n', 470, '抹茶是指碾磨成微粉狀的綠茶。通常用於製作抹茶的綠茶品種較為特別\r\n'),
(27, 5, '鮮奶油\r\n', 'Fresh Cream\r\n', 'ingredients_19.jpg\r\n', '法國\r\n', '1000ml\r\n', 230, '煮白醬、濃湯、布蕾、奶酪，並且需要奶香氣來提升成品口感的運用皆可\r\n'),
(28, 5, '香草精\r\n', 'Vanilla Extract\r\n', 'ingredients_12.jpg\r\n', '美國\r\n', '29ml\r\n', 275, '香草精是用酒精對香草豆筴進行萃取，萃取出其精華部分濃縮而成\r\n'),
(29, 5, '細砂糖\r\n', 'Castor Sugar\r\n', 'ingredients_04.jpg\r\n', '法國\r\n', '500克\r\n', 105, '細緻、質地濕潤，保濕效果較佳，易於上色\r\n'),
(30, 5, '無鹽奶油\r\n', 'Unsalted Butter\r\n', 'ingredients_13.jpg\r\n', '紐西蘭\r\n', '454克\r\n', 186, '取自歐洲新鮮牛奶製成，經嚴謹的生產把關，凝結出一塊珍貴的奶油\r\n'),
(31, 6, '焦糖液\r\n', 'Caramel Liquid\r\n', 'ingredients_20.jpg\r\n', '美國\r\n', '600克\r\n', 235, '濃郁焦糖味，品質穩定。可搭配冰淇淋、咖啡、鬆餅使用\r\n'),
(32, 6, '細砂糖\r\n', 'Castor Sugar\r\n', 'ingredients_04.jpg\r\n', '法國\r\n', '500克\r\n', 105, '細緻、質地濕潤，保濕效果較佳，易於上色\r\n'),
(33, 6, '鮮奶油\r\n', 'Fresh Cream\r\n', 'ingredients_19.jpg\r\n', '法國\r\n', '1000ml\r\n', 230, '煮白醬、濃湯、布蕾、奶酪，並且需要奶香氣來提升成品口感的運用皆可\r\n'),
(34, 7, '低筋麵粉\r\n', 'Cake Flour\r\n', 'ingredients_18.jpg\r\n', '美國\r\n', '1000克\r\n', 150, '優質美國軟白麥磨製，麵粉粒徑均勻，最適於蛋糕、西點之操作性\r\n'),
(35, 7, '泡打粉\r\n', 'Baking Powder\r\n', 'ingredients_17.jpg\r\n', '美國\r\n', '113克\r\n', 80, '泡打粉是一種膨鬆劑，主要用於烘焙製品的快速發酵\r\n'),
(36, 7, '水果乾\r\n', 'Dried Fruit\r\n', 'ingredients_16.jpg\r\n', '台灣\r\n', '75克', 120, '酸甜個半，熱量減半。吸血鬼也愛吃的健康零嘴\r\n'),
(37, 7, '高筋麵粉\r\n', 'Strong Flour\r\n', 'ingredients_14.jpg\r\n', '義大利\r\n', '1000克\r\n', 400, '超高吸水量，麵團操作性佳，成品體積飽滿，組織柔軟細緻\r\n'),
(38, 7, '細砂糖\r\n', 'Castor Sugar\r\n', 'ingredients_04.jpg\r\n', '法國\r\n', '500克\r\n', 105, '細緻、質地濕潤，保濕效果較佳，易於上色\r\n'),
(39, 7, '無鹽奶油\r\n', 'Unsalted Butter\r\n', 'ingredients_13.jpg\r\n', '紐西蘭\r\n', '454克\r\n', 186, '取自歐洲新鮮牛奶製成，經嚴謹的生產把關，凝結出一塊珍貴的奶油\r\n'),
(40, 8, '蘭姆酒\r\n', 'Rum\r\n', 'ingredients_15.jpg\r\n', '聖露西亞\r\n', '40% / 700ml /瓶\r\n', 1550, '香氣甜香迷人，入口各式辛香料不斷蔓延，豐富的層次，是聖露西亞蘭姆酒極受歡迎的原因之一\r\n'),
(41, 8, '細砂糖\r\n', 'Castor Sugar\r\n', 'ingredients_04.jpg\r\n', '法國\r\n', '500克\r\n', 105, '細緻、質地濕潤，保濕效果較佳，易於上色\r\n'),
(42, 8, '高筋麵粉\r\n', 'Strong Flour\r\n', 'ingredients_14.jpg\r\n', '義大利\r\n', '1000克\r\n', 400, '超高吸水量，麵團操作性佳，成品體積飽滿，組織柔軟細緻\r\n'),
(43, 8, '無鹽奶油\r\n', 'Unsalted Butter\r\n', 'ingredients_13.jpg\r\n', '紐西蘭\r\n', '454克\r\n', 186, '取自歐洲新鮮牛奶製成，經嚴謹的生產把關，凝結出一塊珍貴的奶油\r\n'),
(44, 8, '香草精\r\n', 'Vanilla Extract\r\n', 'ingredients_12.jpg\r\n', '美國\r\n', '29ml\r\n', 275, '香草精是用酒精對香草豆筴進行萃取，萃取出其精華部分濃縮而成\r\n'),
(45, 9, 'NH果膠粉\r\n', 'Pectin\r\n', 'ingredients_11.jpg\r\n', '法國\r\n', '250克\r\n', 1200, '用於製作軟糖使用，可用於製作果醬、雪糕、淋面等使用\r\n'),
(46, 9, '雪印煉乳\r\n', 'Condensed Milk\r\n', 'ingredients_10.jpg\r\n', '日本\r\n', '480克\r\n', 425, '100% 北海道產生奶使用，味道香濃、香醇奶味\r\n'),
(47, 9, '吉利丁\r\n', 'Gelatine\r\n', 'ingredients_09.png\r\n', '德國\r\n', '420克\r\n', 533, '從動物的骨頭提煉出來的膠質，主要成分為蛋白質。可凝固果凍、布丁、烘焙點心好幫手\r\n'),
(48, 9, '細砂糖\r\n', 'Castor Sugar\r\n', 'ingredients_04.jpg\r\n', '法國\r\n', '500克\r\n', 105, '細緻、質地濕潤，保濕效果較佳，易於上色\r\n'),
(49, 9, '白巧克力\r\n', 'White Chocolate\r\n', 'ingredients_08.jpg\r\n', '德國\r\n', '200克\r\n', 125, '巧克力蛋糕及起司蛋糕的好幫手，直接用在蛋糕、餅乾、甜甜圈等\r\n'),
(50, 9, '食用色素\r\n', 'Food Colouring\r\n', 'ingredients_07.jpg\r\n', '台灣\r\n', '35克\r\n', 100, '台灣製造，顏色豐富，色準到位，非常適用於糖霜、翻糖、馬卡龍等染色\r\n'),
(51, 10, '好時可可粉\r\n', 'Cocoa Powder\r\n', 'ingredients_06.jpg\r\n', '美國\r\n', '453克\r\n', 350, '可可粉第一大品牌，品質穩定，純可可粉不含糖及奶精，符合健康潮流的新選擇\r\n'),
(52, 10, '意利咖啡粉\r\n', 'Coffee Powder\r\n', 'ingredients_05.jpeg\r\n', '義大利\r\n', '250克\r\n', 450, '阿拉比加咖啡豆深度烘焙，咖啡粉細度研磨，口感濃醇中帶微酸，惰氣加壓包裝，開罐前請先洩壓\r\n'),
(53, 10, '細砂糖\r\n', 'Castor Sugar\r\n', 'ingredients_04.jpg\r\n', '法國\r\n', '500克\r\n', 105, '細緻、質地濕潤，保濕效果較佳，易於上色\r\n'),
(54, 10, '瑪薩拉酒\r\n', 'Marsala Wine\r\n', 'ingredients_03.jpg\r\n', '義大利\r\n', '17% / 700ml / 瓶\r\n', 700, '來自西西里的特拉帕尼省瑪薩拉鎮，九月下旬採收，於橡木桶熟成至少1年。\r\n'),
(55, 10, '手指餅乾\r\n', 'Ladyfinger\r\n', 'ingredients_02.jpg\r\n', '西班牙\r\n', '200克\r\n', 70, '西班牙最大的餅乾製造商，採用優良小麥精緻而成\r\n'),
(56, 10, '戈邦尼馬斯卡邦乳酪\r\n', 'Galbani Mascarpone\r\n', 'ingredients_01.jpg\r\n', '義大利\r\n', '500克\r\n', 365, '原產自義大利的Mascarpone cheese是一種未曾經過醞釀或熟成過程的新鮮乳酪，帶有微微的甜味與新鮮的奶香，口感濃郁滑順\r\n');

-- --------------------------------------------------------

--
-- 資料表結構 `ingredients_cart`
--

CREATE TABLE `ingredients_cart` (
  `ingredient_cart_sid` int(11) NOT NULL COMMENT '食材購物車編號',
  `member_sid` int(11) NOT NULL DEFAULT '0' COMMENT '會員編號',
  `type_sid` int(11) NOT NULL DEFAULT '0' COMMENT '類型編號',
  `ingredients_sid` int(11) NOT NULL DEFAULT '0' COMMENT '食材編號',
  `ingredient_cart_quantity` int(11) NOT NULL DEFAULT '0' COMMENT '數量'
) ENGINE=InnoDB DEFAULT CHARSET=utf8 COMMENT='食材購物車表';

-- --------------------------------------------------------

--
-- 資料表結構 `ingredients_order`
--

CREATE TABLE `ingredients_order` (
  `ingredients_order_sid` int(11) NOT NULL COMMENT '食材訂單編號',
  `order_sid` int(11) NOT NULL DEFAULT '0' COMMENT '會員訂單編號',
  `ingredients_sid` int(11) NOT NULL DEFAULT '0' COMMENT '食材編號',
  `ingredients_order_quantity` int(11) NOT NULL DEFAULT '0' COMMENT '購買數量',
  `ingredients_order_status` int(11) NOT NULL DEFAULT '0' COMMENT '出貨狀態編號'
) ENGINE=InnoDB DEFAULT CHARSET=utf32 COMMENT='會員訂單詳細表(食材)				';

--
-- 傾印資料表的資料 `ingredients_order`
--

INSERT INTO `ingredients_order` (`ingredients_order_sid`, `order_sid`, `ingredients_sid`, `ingredients_order_quantity`, `ingredients_order_status`) VALUES
(33, 158, 5, 8, 0),
(34, 159, 6, 5, 0),
(35, 160, 5, 3, 0),
(36, 161, 6, 1, 0),
(37, 165, 5, 3, 0),
(38, 165, 8, 4, 0),
(39, 165, 4, 10, 0),
(40, 166, 5, 4, 0),
(41, 166, 6, 6, 0),
(42, 167, 6, 5, 0),
(43, 167, 4, 5, 0),
(44, 177, 2, 1, 0),
(45, 182, 2, 1, 0),
(46, 187, 31, 3, 0),
(47, 187, 46, 4, 0),
(48, 189, 25, 4, 0),
(49, 189, 29, 4, 0),
(50, 189, 33, 3, 0),
(51, 192, 31, 5, 0),
(52, 192, 33, 7, 0),
(53, 193, 31, 3, 0),
(54, 193, 33, 7, 0),
(55, 193, 26, 4, 0),
(56, 193, 27, 1, 0),
(57, 194, 25, 4, 0),
(58, 194, 29, 5, 0),
(59, 195, 38, 6, 0),
(60, 198, 32, 1, 0),
(61, 198, 30, 1, 0),
(62, 198, 46, 1, 0),
(63, 199, 22, 7, 0),
(64, 199, 38, 5, 0),
(65, 199, 6, 4, 0),
(66, 200, 33, 7, 0),
(67, 200, 20, 6, 0),
(68, 200, 50, 3, 0),
(69, 201, 32, 5, 0),
(70, 201, 44, 3, 0),
(71, 201, 19, 3, 0),
(72, 202, 21, 8, 0),
(73, 202, 29, 4, 0),
(74, 202, 44, 6, 0),
(75, 203, 41, 4, 0),
(76, 203, 55, 4, 0),
(77, 203, 16, 4, 0),
(78, 204, 25, 6, 0),
(79, 204, 29, 7, 0),
(80, 204, 19, 9, 0),
(81, 206, 33, 6, 0),
(82, 206, 14, 5, 0),
(83, 206, 42, 5, 0),
(84, 207, 35, 4, 0),
(85, 207, 26, 5, 0),
(86, 207, 17, 5, 0),
(87, 207, 43, 5, 0),
(88, 207, 38, 1, 0),
(89, 207, 46, 1, 0),
(90, 208, 32, 3, 0),
(91, 208, 28, 1, 0),
(92, 208, 30, 1, 0),
(93, 208, 40, 1, 0),
(94, 209, 35, 3, 0),
(95, 209, 30, 6, 0),
(96, 209, 27, 7, 0),
(97, 209, 42, 4, 0),
(98, 212, 35, 7, 0),
(99, 212, 23, 6, 0),
(100, 212, 43, 7, 0),
(101, 213, 20, 1, 0),
(102, 215, 26, 1, 0),
(103, 216, 46, 4, 0),
(104, 216, 24, 8, 0),
(105, 218, 26, 1, 0),
(106, 219, 25, 1, 0),
(107, 221, 33, 4, 0),
(108, 221, 51, 5, 0),
(109, 221, 46, 3, 0),
(110, 222, 32, 10, 0),
(111, 222, 6, 5, 0),
(112, 223, 32, 5, 0),
(113, 223, 51, 4, 0),
(114, 223, 9, 4, 0),
(115, 233, 32, 12, 0),
(116, 233, 27, 24, 0),
(117, 233, 42, 1, 0),
(118, 238, 32, 12, 0),
(119, 238, 44, 7, 0),
(120, 239, 36, 7, 0),
(121, 240, 22, 1, 0),
(122, 240, 42, 1, 0),
(123, 300, 25, 1, 0),
(124, 300, 26, 1, 0),
(125, 301, 25, 1, 0),
(126, 301, 26, 1, 0),
(127, 302, 25, 16, 0),
(128, 305, 25, 1, 0),
(129, 306, 25, 1, 0),
(130, 307, 25, 1, 0),
(131, 309, 26, 1, 0),
(132, 310, 26, 1, 0),
(133, 311, 26, 1, 0),
(134, 311, 27, 1, 0),
(135, 312, 30, 1, 0),
(136, 312, 34, 1, 0),
(137, 313, 25, 1, 0),
(138, 314, 34, 1, 0),
(139, 315, 29, 1, 0),
(140, 315, 28, 1, 0),
(141, 315, 25, 1, 0),
(142, 315, 26, 1, 0),
(143, 316, 28, 1, 0),
(144, 316, 27, 1, 0),
(145, 316, 29, 1, 0),
(146, 317, 26, 1, 0),
(147, 318, 26, 1, 0),
(149, 327, 25, 1, 0),
(150, 328, 25, 1, 0),
(151, 333, 32, 1, 0),
(152, 333, 25, 1, 0),
(153, 334, 26, 1, 0),
(154, 335, 29, 1, 0),
(155, 336, 25, 1, 0),
(156, 337, 33, 5, 0),
(157, 337, 35, 13, 0),
(158, 337, 3, 8, 0),
(159, 338, 41, 1, 0),
(160, 339, 35, 1, 0),
(161, 340, 43, 1, 0),
(162, 341, 25, 1, 0),
(163, 345, 29, 1, 0);

-- --------------------------------------------------------

--
-- 資料表結構 `member`
--

CREATE TABLE `member` (
  `member_sid` int(11) NOT NULL COMMENT '會員編號',
  `member_account` varchar(255) DEFAULT '' COMMENT '會員帳號',
  `member_password` varchar(255) DEFAULT '' COMMENT '會員密碼',
  `member_email` varchar(255) NOT NULL DEFAULT '' COMMENT '會員信箱',
  `token_id` varchar(255) DEFAULT '' COMMENT '第三方登入',
  `verification_key` varchar(255) DEFAULT '' COMMENT '驗證金鑰',
  `member_name` varchar(255) DEFAULT '' COMMENT '會員姓名',
  `member_nickname` varchar(255) DEFAULT '' COMMENT '會員綽號',
  `member_birth` varchar(255) DEFAULT NULL COMMENT '生日',
  `member_phone` varchar(255) DEFAULT '' COMMENT '手機',
  `member_address` varchar(255) DEFAULT '' COMMENT '地址',
  `member_bonus` int(11) DEFAULT '0' COMMENT '累積紅利點數',
  `member_create` datetime NOT NULL DEFAULT CURRENT_TIMESTAMP COMMENT '新增帳號時間'
) ENGINE=InnoDB DEFAULT CHARSET=utf8 COMMENT='會員表';

--
-- 傾印資料表的資料 `member`
--

INSERT INTO `member` (`member_sid`, `member_account`, `member_password`, `member_email`, `token_id`, `verification_key`, `member_name`, `member_nickname`, `member_birth`, `member_phone`, `member_address`, `member_bonus`, `member_create`) VALUES
(1, 'benson22', '654321', 'beerBar21@gmail.com', '', '\"', '45678', '文12342567', '2019-01-01', '0953241983', '台北市大安區通化街', 326, '2019-11-01 14:54:04'),
(52, '1234', '12345', 'z27089433@gmail.com', '', '', '', '', NULL, '', '', 0, '2019-11-20 18:08:35'),
(53, 'asasd', '123', 'abc820219@yahoo.com.tw', '', '', '', '', NULL, '', '', 0, '2019-11-21 16:18:04'),
(54, 'benson222', '222', 'abc820219@yahoo.com.tw', '', '', '', '', NULL, '', '', 0, '2019-11-21 17:16:02'),
(55, 'eva', '111111', 'eva@gmail.com', '', '', '', '', NULL, '', '', 0, '2019-11-22 17:15:37'),
(57, 'root', '123456', '', '', '', '0000', '', '2019-01-01', '', '', 64, '2019-11-24 13:40:09'),
(58, 'aaaa', 'aaaa', 'abc820219@yahoo.com.tw', '', '', '', '', NULL, '', '', 0, '2019-11-24 15:26:59'),
(59, 'abc123456', '7777777', 'asdsada@gmail.com', '', '', '', '', NULL, '', '', 0, '2019-11-28 11:09:25'),
(60, 'benson1234567', '123456', 'z27089433@gmail.com', '', '', '', '', NULL, '', '', 0, '2019-11-28 13:11:52'),
(61, 'tank', '123456', '', '', '', '坦克', 'tank', '2019-01-01', '0912345678', '', 371, '2019-11-28 15:02:01'),
(62, 'tank2', '123456', 'z27089433@gmail.com', '', '', '', '', NULL, '', '', 0, '2019-11-28 15:24:46'),
(63, 'abc820219', '123456', 'abc820219@yahoo.com.tw', '', '', '', '', '2019-01-01', '', '', 0, '2019-11-28 17:17:43'),
(64, 'arden82', '3466', '', '', '', 'arden', '', '2019-01-01', '', '', 16164, '2019-11-29 14:26:39'),
(65, 'asdfg', 'asdfg', 'abc820219@yahoo.com.tw', '', '', '', '', NULL, '', '', 74, '2019-11-30 15:27:33'),
(66, 'barbeer21', 'accle123456', 'beerBar21@gmail.com', '', '', '', '', NULL, '', '', 393, '2019-11-30 16:39:14'),
(67, '123456', '1234567', 'abc820219@yahoo.com.tw', '', '', '123456', '', '2019-01-01', '', '', 0, '2019-12-01 19:09:39'),
(68, '6666', '123456', 'z27089433@gmail.com', '', '', '', '', NULL, '', '', 0, '2019-12-01 19:24:44'),
(69, '', '', 'beerBar21@gmail.com', '3171644589573233', '', 'Liu Han-wen', '', '2019-01-01', '', '', 132, '2019-12-02 21:23:54'),
(70, '9999', '9999', 'z27089433@gmail.com', '', '', '', '', NULL, '', '', 868, '2019-12-02 21:26:24'),
(71, '99999', '99999', 'z27089433@gmail.com', '', '', '', '', NULL, '', '', 0, '2019-12-02 23:44:29'),
(72, '999999', '9999999', 'z27089433@gmail.com', '', '', '123', '', '2019-01-01', '', '', 0, '2019-12-02 23:45:50'),
(73, '9999999', '123456', 'z27089433@gmail.com', '', '', '劉瀚文', '文', '1993-02-19', '0976562513', '台北市大安區通化街台北市大安19巷7號', 0, '2019-12-02 23:47:01'),
(74, '', '', 'undefined', 'undefined', '', 'undefined', '', NULL, '', '', 0, '2019-12-03 13:48:08'),
(75, 'abc820299', 'a112233', 'beerBar21@gmail.com', '', '', 'hanwen', '文', '2019-01-01', '0976562513', '台北市大安區通化街', 515, '2019-12-03 16:17:19'),
(76, '7777', '7777', 'beerBar21@gmail.com', '', '', 'liuhanwen ', '文', '2019-01-01', '0976562513', '台北市大安區通化街19巷11號', 72, '2019-12-03 16:49:55'),
(77, 'beerBar21', 'beerBar22', 'beerBar21@gmail.com', '', '', 'liuhanwen ', '文', '2019-01-01', '0976562513', '台北市大安區通化街', 44, '2019-12-03 19:15:42'),
(78, 'kkkk', 'kkkk', 'abc820219@yahoo.com.tw', '', '', '', '', NULL, '', '', 0, '2019-12-04 09:09:35'),
(79, 'beerBar23', 'beerBar24', 'beerBar21@gmail.com', '', '', '', '', '2019-01-01', '0976562513', '', 0, '2019-12-04 10:10:35');

-- --------------------------------------------------------

--
-- 資料表結構 `member_coupon`
--

CREATE TABLE `member_coupon` (
  `member_coupon_sid` int(11) NOT NULL COMMENT '會員優惠卷編號',
  `member_sid` int(11) NOT NULL DEFAULT '0' COMMENT '會員編號',
  `coupon_sid` int(11) NOT NULL DEFAULT '0' COMMENT '優惠卷編號',
  `member_coupon_used` int(1) DEFAULT '0' COMMENT '是否使用',
  `coupon_used_time` datetime NOT NULL DEFAULT CURRENT_TIMESTAMP COMMENT '使用時間'
) ENGINE=InnoDB DEFAULT CHARSET=utf8 COMMENT='會員優惠卷表(FK)			';

--
-- 傾印資料表的資料 `member_coupon`
--

INSERT INTO `member_coupon` (`member_coupon_sid`, `member_sid`, `coupon_sid`, `member_coupon_used`, `coupon_used_time`) VALUES
(30, 56, 2, 1, '2019-11-23 22:55:00'),
(31, 1, 3, 1, '2019-11-23 23:06:19'),
(32, 1, 2, 1, '2019-11-23 23:06:32'),
(33, 1, 4, 1, '2019-11-23 23:06:32'),
(34, 56, 3, 0, '2019-11-23 23:11:12'),
(35, 1, 1, 1, '2019-11-24 12:32:26'),
(36, 57, 1, 0, '2019-11-24 13:40:50'),
(37, 57, 2, 0, '2019-11-24 13:46:53'),
(38, 54, 1, 0, '2019-11-24 14:47:42'),
(39, 56, 1, 1, '2019-11-24 15:24:29'),
(40, 58, 1, 0, '2019-11-24 15:38:50'),
(41, 59, 1, 0, '2019-11-28 11:09:38'),
(42, 59, 2, 0, '2019-11-28 11:09:41'),
(43, 61, 1, 1, '2019-11-28 15:02:35'),
(44, 61, 2, 1, '2019-11-28 15:12:05'),
(45, 61, 3, 1, '2019-11-28 15:12:07'),
(46, 61, 4, 1, '2019-11-29 11:22:17'),
(47, 69, 1, 0, '2019-12-03 16:15:58'),
(48, 75, 1, 0, '2019-12-03 16:30:39'),
(49, 75, 2, 1, '2019-12-03 16:30:41'),
(50, 76, 1, 0, '2019-12-03 16:54:25'),
(51, 76, 2, 0, '2019-12-03 16:54:55'),
(52, 76, 3, 0, '2019-12-03 16:56:04'),
(53, 69, 2, 1, '2019-12-03 19:19:24'),
(54, 74, 1, 0, '2019-12-03 21:21:52'),
(55, 74, 2, 0, '2019-12-03 21:21:54'),
(56, 69, 3, 1, '2019-12-04 10:14:25');

-- --------------------------------------------------------

--
-- 資料表結構 `member_like`
--

CREATE TABLE `member_like` (
  `like_sid` int(11) NOT NULL COMMENT '會員喜好編號',
  `member_sid` int(11) NOT NULL DEFAULT '0' COMMENT '會員編號',
  `like_first` varchar(255) NOT NULL DEFAULT '"' COMMENT '喜好一',
  `like_second` varchar(255) NOT NULL DEFAULT '"' COMMENT '喜好二',
  `like_third` varchar(255) NOT NULL DEFAULT '"' COMMENT '喜好三',
  `like_fourth` varchar(255) NOT NULL DEFAULT '"' COMMENT '喜好四',
  `like_fifth` varchar(255) NOT NULL DEFAULT '"' COMMENT '喜好五',
  `like_sixth` varchar(255) NOT NULL DEFAULT '"' COMMENT '喜好六'
) ENGINE=InnoDB DEFAULT CHARSET=utf8 COMMENT='會員喜好表';

-- --------------------------------------------------------

--
-- 資料表結構 `member_photo`
--

CREATE TABLE `member_photo` (
  `member_photo_sid` int(11) NOT NULL COMMENT '照片編號',
  `member_sid` int(11) NOT NULL DEFAULT '0' COMMENT '會員編號',
  `member_photo_name` varchar(255) NOT NULL DEFAULT '"' COMMENT '會員照片名稱',
  `member_photo_using` int(11) NOT NULL DEFAULT '0' COMMENT '是否使用中',
  `member_photo_create` datetime NOT NULL DEFAULT CURRENT_TIMESTAMP COMMENT '新增照片時間'
) ENGINE=InnoDB DEFAULT CHARSET=utf8 COMMENT='會員照片表';

--
-- 傾印資料表的資料 `member_photo`
--

INSERT INTO `member_photo` (`member_photo_sid`, `member_sid`, `member_photo_name`, `member_photo_using`, `member_photo_create`) VALUES
(36, 39, '下載.png', 0, '2019-11-16 17:12:32'),
(37, 39, '1565267046-948161041_n.jpg', 0, '2019-11-16 17:13:27'),
(38, 1, '1565267046-948161041_n.jpg', 0, '2019-11-16 17:15:43'),
(39, 1, '下載.png', 0, '2019-11-16 17:45:36'),
(40, 39, '1565267046-948161041_n.jpg', 0, '2019-11-16 18:00:49'),
(41, 39, 'undefined', 0, '2019-11-16 18:10:39'),
(42, 39, '1565267046-948161041_n.jpg', 0, '2019-11-16 18:12:15'),
(43, 39, '1565267046-948161041_n.jpg', 0, '2019-11-16 18:13:10'),
(44, 39, '下載.png', 0, '2019-11-16 18:25:28'),
(45, 1, '下載.png', 0, '2019-11-16 19:28:22'),
(46, 1, '1565267046-948161041_n.jpg', 0, '2019-11-16 19:28:26'),
(47, 39, '1565267046-948161041_n.jpg', 0, '2019-11-16 22:34:35'),
(48, 40, '1565267046-948161041_n.jpg', 0, '2019-11-17 14:52:04'),
(49, 42, '下載.png', 0, '2019-11-17 18:49:57'),
(50, 39, '下載.png', 0, '2019-11-17 22:10:29'),
(51, 44, 'nature-wallpaper-hd-with-macro-photo-of-red-herbras-flower-600x400.jpg', 0, '2019-11-18 14:20:32'),
(52, 39, 'red-flower-hd-wallpaper-600x400.jpg', 0, '2019-11-18 17:18:44'),
(53, 48, '1565267046-948161041_n.jpg', 0, '2019-11-19 11:03:53'),
(54, 1, 'Blue-Flower-with-Sharp-Thorns-600x400.jpg', 0, '2019-11-19 17:02:17'),
(55, 51, 'nature-wallpaper-hd-with-macro-photo-of-red-herbras-flower-600x400.jpg', 0, '2019-11-21 14:29:22'),
(56, 53, 'main_picture_52eec0c1bceab.jpg', 0, '2019-11-21 16:18:17'),
(57, 54, 'nature-wallpaper-hd-with-macro-photo-of-red-herbras-flower-600x400.jpg', 0, '2019-11-21 17:16:13'),
(58, 1, '1565267046-948161041_n.jpg', 0, '2019-11-21 23:34:27'),
(59, 1, '下載.png', 0, '2019-11-21 23:34:34'),
(60, 51, '下載.png', 0, '2019-11-21 23:37:16'),
(61, 56, '1565267046-948161041_n.jpg', 0, '2019-11-25 18:39:30'),
(62, 1, 'red-flower-hd-wallpaper-600x400.jpg', 0, '2019-11-28 17:07:41'),
(63, 1, 'maxresdefault.jpg', 0, '2019-11-29 19:36:57'),
(64, 1, 'jk.png', 0, '2019-11-29 19:37:38'),
(65, 1, 'Blue-Flower-with-Sharp-Thorns-600x400.jpg', 0, '2019-11-29 20:12:43'),
(66, 1, '1565267046-948161041_n.jpg', 0, '2019-12-01 19:21:22'),
(67, 1, 'red-flower-hd-wallpaper-600x400.jpg', 0, '2019-12-02 12:43:43'),
(68, 56, 'main_picture_52eec0c1bceab.jpg', 0, '2019-12-02 12:44:56'),
(69, 56, 'BIGHEAD.jpeg', 0, '2019-12-02 12:45:22'),
(70, 61, 'dog.jpg', 0, '2019-12-02 12:46:23'),
(71, 1, 'dog.jpg', 0, '2019-12-02 12:47:36'),
(72, 75, 'BIGHEAD.jpeg', 0, '2019-12-03 16:21:01'),
(73, 77, 'BIGHEAD.jpeg', 0, '2019-12-03 19:18:20'),
(74, 74, 'BIGHEAD.jpeg', 0, '2019-12-03 21:22:10'),
(75, 78, 'cake2.jpg', 0, '2019-12-04 09:09:43'),
(76, 79, 'BIGHEAD.jpeg', 0, '2019-12-04 10:10:50');

-- --------------------------------------------------------

--
-- 資料表結構 `order`
--

CREATE TABLE `order` (
  `order_sid` int(11) NOT NULL COMMENT '會員訂單編號',
  `member_sid` int(11) NOT NULL DEFAULT '0' COMMENT '會員編號',
  `coupon_sid` int(11) NOT NULL DEFAULT '0' COMMENT '優惠卷編號',
  `order_total_price` int(11) NOT NULL DEFAULT '0' COMMENT '訂單總價(含優惠卷',
  `member_used_bonus` int(11) NOT NULL DEFAULT '0' COMMENT '紅利使用',
  `order_create_time` datetime NOT NULL DEFAULT CURRENT_TIMESTAMP COMMENT '訂單新增時間'
) ENGINE=InnoDB DEFAULT CHARSET=utf8 COMMENT='會員訂單表';

--
-- 傾印資料表的資料 `order`
--

INSERT INTO `order` (`order_sid`, `member_sid`, `coupon_sid`, `order_total_price`, `member_used_bonus`, `order_create_time`) VALUES
(156, 1, 0, 9000, 0, '2019-11-25 11:24:27'),
(158, 1, 3, 53120, 0, '2019-11-25 14:31:33'),
(159, 1, 2, 31140, 0, '2019-11-25 15:01:48'),
(160, 1, 1, 23370, 0, '2019-11-25 15:14:32'),
(161, 1, 0, 11000, 0, '2019-11-25 15:16:58'),
(162, 56, 1, 5700, 0, '2019-11-25 18:49:48'),
(163, 1, 0, 4000, 0, '2019-11-26 11:47:17'),
(164, 56, 0, 0, 0, '2019-11-26 12:38:55'),
(165, 1, 0, 5100, 0, '2019-11-26 14:21:39'),
(166, 1, 0, 3000, 0, '2019-11-26 15:04:28'),
(167, 1, 0, 17400, 0, '2019-11-26 15:06:57'),
(168, 1, 0, 12000, 0, '2019-11-26 16:21:24'),
(169, 1, 0, 4000, 0, '2019-11-26 16:30:39'),
(170, 1, 0, 4000, 0, '2019-11-26 16:34:12'),
(171, 1, 0, 4200, 0, '2019-11-26 16:45:45'),
(172, 1, 0, 4200, 0, '2019-11-26 16:46:04'),
(173, 1, 0, 4200, 0, '2019-11-26 16:46:24'),
(174, 1, 0, 4200, 0, '2019-11-26 16:48:24'),
(175, 1, 0, 4200, 0, '2019-11-26 16:55:24'),
(176, 1, 0, 4000, 0, '2019-11-26 21:00:12'),
(177, 1, 0, 11000, 0, '2019-11-26 21:08:20'),
(178, 1, 0, 4200, 0, '2019-11-27 13:22:53'),
(179, 1, 0, 4600, 0, '2019-11-27 16:26:38'),
(180, 56, 0, 4500, 0, '2019-11-27 18:51:57'),
(181, 56, 0, 4500, 0, '2019-11-27 21:02:36'),
(182, 56, 0, 6200, 0, '2019-11-27 21:22:30'),
(183, 1, 0, 4600, 0, '2019-11-27 23:15:42'),
(187, 1, 0, 2405, 0, '2019-11-28 13:08:10'),
(188, 1, 0, 5500, 0, '2019-11-28 13:25:53'),
(189, 1, 0, 3310, 0, '2019-11-28 14:05:10'),
(190, 1, 0, 6000, 0, '2019-11-28 14:08:45'),
(191, 1, 0, 9200, 0, '2019-11-28 15:10:08'),
(192, 61, 3, 2228, 0, '2019-11-28 15:14:31'),
(193, 61, 2, 3983, 0, '2019-11-28 15:16:09'),
(194, 1, 0, 2725, 0, '2019-11-28 17:31:33'),
(195, 1, 0, 630, 0, '2019-11-28 17:33:51'),
(196, 1, 0, 5850, 0, '2019-11-28 18:05:44'),
(197, 56, 0, 4000, 0, '2019-11-28 22:56:56'),
(198, 61, 4, 5581, 0, '2019-11-29 11:24:30'),
(199, 1, 0, 3335, 0, '2019-11-29 17:39:06'),
(200, 1, 0, 2010, 0, '2019-11-29 17:44:20'),
(201, 1, 0, 1108, 0, '2019-11-29 17:45:43'),
(202, 1, 0, 1550, 0, '2019-11-29 17:47:20'),
(203, 1, 0, 1300, 0, '2019-11-29 17:49:19'),
(204, 61, 1, 10551, 0, '2019-11-29 17:50:27'),
(205, 61, 0, 1905, 845, '2019-11-29 18:24:00'),
(206, 61, 0, 4627, 153, '2019-11-29 19:16:30'),
(207, 1, 0, 4776, 104, '2019-11-29 19:34:43'),
(208, 1, 0, 1943, 383, '2019-11-29 19:46:00'),
(209, 1, 0, 4510, 56, '2019-11-29 19:49:46'),
(211, 1, 0, 5039, 461, '2019-11-30 11:14:28'),
(212, 1, 0, 2088, 404, '2019-11-30 12:15:08'),
(213, 57, 0, 150, 0, '2019-11-30 12:50:31'),
(214, 57, 0, 650, 0, '2019-11-30 12:53:18'),
(215, 1, 0, 470, 0, '2019-11-30 15:03:16'),
(216, 1, 0, 11820, 168, '2019-11-30 15:04:21'),
(217, 65, 0, 1300, 0, '2019-11-30 15:28:04'),
(218, 65, 0, 366, 104, '2019-11-30 15:29:05'),
(219, 65, 0, 550, 0, '2019-11-30 15:39:03'),
(220, 1, 0, 4254, 946, '2019-11-30 15:40:54'),
(221, 1, 0, 3604, 341, '2019-11-30 15:43:10'),
(222, 1, 0, 3511, 289, '2019-11-30 15:57:57'),
(223, 66, 0, 2665, 0, '2019-11-30 16:51:25'),
(224, 66, 0, 3686, 214, '2019-12-01 11:49:13'),
(225, 66, 0, 4905, 295, '2019-12-01 12:44:08'),
(226, 1, 0, 16000, 0, '2019-12-01 13:29:48'),
(227, 1, 0, 4000, 0, '2019-12-01 14:04:51'),
(228, 1, 0, 4600, 0, '2019-12-01 14:06:07'),
(229, 1, 0, 4000, 0, '2019-12-01 14:09:00'),
(230, 1, 0, 4000, 0, '2019-12-01 14:19:51'),
(231, 1, 0, 4500, 0, '2019-12-01 14:26:59'),
(232, 1, 0, 4000, 0, '2019-12-02 15:42:01'),
(233, 1, 0, 26699, 281, '2019-12-02 17:39:50'),
(234, 1, 0, 24000, 0, '2019-12-02 17:41:58'),
(235, 1, 0, 42900, 0, '2019-12-02 17:46:09'),
(236, 1, 0, 16900, 0, '2019-12-02 17:54:37'),
(237, 1, 0, 37100, 0, '2019-12-02 17:56:48'),
(238, 1, 0, 1185, 2000, '2019-12-02 17:59:23'),
(239, 1, 0, 840, 0, '2019-12-02 18:00:46'),
(240, 1, 0, 2759, 9971, '2019-12-02 18:06:31'),
(241, 1, 0, 4000, 0, '2019-12-02 18:08:07'),
(242, 1, 0, 4000, 0, '2019-12-02 18:08:14'),
(243, 1, 0, 4000, 0, '2019-12-02 18:08:20'),
(244, 1, 0, 4000, 0, '2019-12-02 18:08:25'),
(245, 1, 0, 4000, 0, '2019-12-02 18:08:27'),
(246, 1, 0, 4000, 0, '2019-12-02 18:08:27'),
(247, 1, 0, 4000, 0, '2019-12-02 18:08:28'),
(248, 1, 0, 4000, 0, '2019-12-02 18:08:28'),
(249, 1, 0, 4000, 0, '2019-12-02 18:08:29'),
(250, 1, 0, 4000, 0, '2019-12-02 18:08:29'),
(251, 1, 0, 4000, 0, '2019-12-02 18:08:29'),
(252, 1, 0, 4000, 0, '2019-12-02 18:08:29'),
(253, 1, 0, 4000, 0, '2019-12-02 18:08:29'),
(254, 1, 0, 4000, 0, '2019-12-02 18:08:30'),
(255, 1, 0, 4000, 0, '2019-12-02 18:12:59'),
(256, 1, 0, 4500, 0, '2019-12-02 18:17:29'),
(257, 1, 0, 4500, 0, '2019-12-02 18:17:30'),
(258, 1, 0, 4500, 0, '2019-12-02 18:18:19'),
(259, 1, 0, 4500, 0, '2019-12-02 18:18:52'),
(260, 1, 0, 4500, 0, '2019-12-02 18:18:53'),
(261, 1, 0, 9000, 0, '2019-12-02 18:20:12'),
(262, 1, 0, 4500, 0, '2019-12-02 18:20:42'),
(263, 1, 0, 4500, 0, '2019-12-02 18:21:11'),
(264, 1, 0, 4500, 0, '2019-12-02 18:21:52'),
(265, 1, 0, 4500, 0, '2019-12-02 18:22:45'),
(266, 1, 0, 4500, 0, '2019-12-02 18:22:45'),
(267, 1, 0, 4000, 0, '2019-12-02 18:30:39'),
(268, 1, 0, 4500, 0, '2019-12-02 18:36:26'),
(269, 1, 0, 4500, 0, '2019-12-02 18:39:35'),
(270, 1, 0, 4500, 0, '2019-12-02 18:39:59'),
(271, 1, 0, 4500, 0, '2019-12-02 18:41:40'),
(272, 1, 0, 4500, 0, '2019-12-02 18:44:28'),
(273, 1, 0, 4500, 0, '2019-12-02 18:45:57'),
(274, 1, 0, 4200, 0, '2019-12-02 18:47:23'),
(275, 1, 0, 4500, 0, '2019-12-02 18:49:16'),
(276, 1, 0, 4500, 0, '2019-12-02 18:49:21'),
(277, 1, 0, 4500, 0, '2019-12-02 18:49:53'),
(278, 1, 0, 4500, 0, '2019-12-02 18:50:16'),
(279, 1, 0, 4500, 0, '2019-12-02 18:51:28'),
(280, 1, 0, 4500, 0, '2019-12-02 18:54:02'),
(281, 1, 0, 4500, 0, '2019-12-02 18:54:36'),
(282, 1, 0, 4500, 0, '2019-12-02 18:55:23'),
(283, 1, 0, 4500, 0, '2019-12-02 18:56:03'),
(284, 1, 0, 4500, 0, '2019-12-02 18:56:34'),
(285, 1, 0, 4500, 0, '2019-12-02 18:57:28'),
(286, 1, 0, 4500, 0, '2019-12-02 18:58:37'),
(287, 1, 0, 4500, 0, '2019-12-02 18:58:45'),
(288, 1, 0, 4500, 0, '2019-12-02 18:59:24'),
(289, 1, 0, 4500, 0, '2019-12-02 19:03:45'),
(290, 1, 0, 4500, 0, '2019-12-02 19:05:02'),
(291, 1, 0, 4500, 0, '2019-12-02 19:06:28'),
(292, 1, 0, 4500, 0, '2019-12-02 19:11:12'),
(293, 1, 0, 4500, 0, '2019-12-02 19:12:50'),
(294, 64, 0, 23050, 0, '2019-12-02 19:53:39'),
(295, 64, 0, 55500, 0, '2019-12-02 19:55:28'),
(296, 64, 0, 32000, 0, '2019-12-02 19:57:31'),
(297, 64, 0, 90000, 0, '2019-12-02 19:59:39'),
(298, 1, 0, 4200, 0, '2019-12-02 20:09:27'),
(299, 1, 0, 4200, 0, '2019-12-02 20:09:28'),
(300, 70, 0, 1020, 0, '2019-12-02 21:26:45'),
(301, 70, 0, 1020, 0, '2019-12-02 21:27:04'),
(302, 70, 0, 8800, 0, '2019-12-02 21:28:20'),
(303, 69, 0, 1200, 0, '2019-12-02 22:57:22'),
(304, 69, 0, 900, 0, '2019-12-02 22:58:38'),
(305, 69, 0, 550, 0, '2019-12-02 22:58:52'),
(306, 69, 0, 550, 0, '2019-12-02 22:59:06'),
(307, 69, 0, 550, 0, '2019-12-02 22:59:29'),
(308, 69, 0, 4200, 0, '2019-12-02 22:59:48'),
(309, 69, 0, 470, 0, '2019-12-02 23:00:07'),
(310, 69, 0, 470, 0, '2019-12-02 23:00:22'),
(311, 69, 0, 700, 0, '2019-12-02 23:00:40'),
(312, 69, 0, 336, 0, '2019-12-02 23:01:11'),
(313, 69, 0, 550, 0, '2019-12-02 23:01:26'),
(314, 69, 0, 150, 0, '2019-12-02 23:02:08'),
(315, 69, 0, 1400, 0, '2019-12-02 23:02:36'),
(316, 69, 0, 610, 0, '2019-12-02 23:03:19'),
(317, 69, 0, -130, 600, '2019-12-02 23:42:31'),
(318, 69, 0, 470, 0, '2019-12-03 10:30:17'),
(319, 69, 0, 1200, 0, '2019-12-03 10:39:54'),
(320, 1, 0, 4000, 0, '2019-12-03 13:55:25'),
(321, 1, 0, 4500, 0, '2019-12-03 15:29:16'),
(322, 75, 0, 9200, 0, '2019-12-03 16:26:59'),
(325, 64, 0, 1500, 0, '2019-12-03 17:05:56'),
(326, 1, 0, 4500, 0, '2019-12-03 17:35:36'),
(327, 1, 0, 550, 0, '2019-12-03 17:39:31'),
(328, 1, 0, 550, 0, '2019-12-03 18:15:12'),
(329, 1, 0, 8000, 0, '2019-12-03 18:19:06'),
(330, 1, 0, 4000, 0, '2019-12-03 18:53:44'),
(331, 69, 0, 16000, 0, '2019-12-03 19:25:59'),
(332, 69, 2, 1766, 196, '2019-12-03 19:32:57'),
(334, 1, 0, 470, 0, '2019-12-03 20:46:12'),
(335, 1, 0, 105, 0, '2019-12-03 20:53:39'),
(336, 77, 0, 550, 0, '2019-12-03 21:23:56'),
(337, 1, 0, 3681, 709, '2019-12-03 21:26:19'),
(338, 1, 0, 105, 0, '2019-12-03 21:30:52'),
(339, 1, 0, 80, 0, '2019-12-03 21:31:57'),
(340, 1, 0, 186, 0, '2019-12-03 21:33:04'),
(341, 69, 0, 550, 0, '2019-12-03 22:22:38'),
(342, 1, 0, 8000, 0, '2019-12-04 00:55:32'),
(343, 61, 0, 4000, 0, '2019-12-04 09:09:09'),
(344, 69, 0, 4000, 0, '2019-12-04 10:21:13'),
(345, 69, 3, 1638, 190, '2019-12-04 10:25:24'),
(346, 1, 0, 4000, 0, '2019-12-06 11:26:32'),
(347, 1, 0, 4000, 0, '2019-12-06 11:29:24'),
(348, 1, 0, 4000, 0, '2019-12-06 11:36:15'),
(349, 1, 0, 4000, 0, '2019-12-06 11:45:52'),
(350, 1, 0, 4000, 0, '2019-12-06 11:49:09');

-- --------------------------------------------------------

--
-- 資料表結構 `order_status`
--

CREATE TABLE `order_status` (
  `order_status_sid` int(11) NOT NULL COMMENT '出貨狀態編號',
  `order_status_name` varchar(255) NOT NULL COMMENT '出貨狀態名稱'
) ENGINE=InnoDB DEFAULT CHARSET=utf8 COMMENT='出貨狀態表';

--
-- 傾印資料表的資料 `order_status`
--

INSERT INTO `order_status` (`order_status_sid`, `order_status_name`) VALUES
(1, '訂單處理中'),
(2, '發貨中'),
(3, '已領收');

-- --------------------------------------------------------

--
-- 資料表結構 `place`
--

CREATE TABLE `place` (
  `place_sid` int(11) NOT NULL COMMENT 'sid(PK)產地編號',
  `place_name` varchar(255) NOT NULL COMMENT '產地名稱'
) ENGINE=InnoDB DEFAULT CHARSET=utf8 COMMENT='產地表(place)	';

-- --------------------------------------------------------

--
-- 資料表結構 `store`
--

CREATE TABLE `store` (
  `store_sid` int(11) NOT NULL COMMENT 'sid(PK)店家編號',
  `store_name` varchar(255) NOT NULL DEFAULT '"' COMMENT '店家名稱',
  `store_logo` text COMMENT '店家LOGO',
  `store_space_photo` text COMMENT '店家空間照',
  `store_introduce` text COMMENT '店家介紹',
  `area_sid` int(11) NOT NULL COMMENT 'sid(PK)地區編號',
  `store_address` varchar(255) NOT NULL DEFAULT '"' COMMENT '店家地址',
  `store_longitude` varchar(255) NOT NULL DEFAULT '"' COMMENT '店家地址經度',
  `store_latitude` varchar(255) NOT NULL DEFAULT '"' COMMENT '店家地址緯度',
  `store_phone` varchar(255) NOT NULL DEFAULT '"' COMMENT '店家電話',
  `store_child` int(11) NOT NULL DEFAULT '0' COMMENT '可否攜帶孩童',
  `store_partner` int(11) NOT NULL DEFAULT '0' COMMENT '可否攜伴',
  `store_max_number` int(11) NOT NULL DEFAULT '20' COMMENT '容納最大人數',
  `store_evaluate` float NOT NULL DEFAULT '0' COMMENT '店家評價',
  `store_open` time DEFAULT '09:00:00' COMMENT '開始營業時間',
  `store_end` time DEFAULT '18:00:00' COMMENT '結束營業時間',
  `store_create` datetime NOT NULL DEFAULT CURRENT_TIMESTAMP COMMENT '新增店家時間'
) ENGINE=InnoDB DEFAULT CHARSET=utf8 COMMENT='店家表';

--
-- 傾印資料表的資料 `store`
--

INSERT INTO `store` (`store_sid`, `store_name`, `store_logo`, `store_space_photo`, `store_introduce`, `area_sid`, `store_address`, `store_longitude`, `store_latitude`, `store_phone`, `store_child`, `store_partner`, `store_max_number`, `store_evaluate`, `store_open`, `store_end`, `store_create`) VALUES
(3, 'Welcome Bake 來約會吧!\r\n', 'welcomeBakeLogo.png\r\n', 'welcomeBakeSpace.jpg\r\n', 'Welcome Bake 堅持優質食材與友善環境，有無障礙坡道、親子廁所、寬敞明亮的空間，從小小朋友到家中長輩、從閨密情侶到家族聚會、從慶生派對到公司社團都合適。每季推出新菜單，使用高成本的進口及在地食材，從原料開始就優質，所以每份成品都美味，不使用市售的半成品，盡可能讓客人從最原始的食材開始動手，在食安問題層出不窮的現在，讓人玩得開心、吃得安心。開幕迄今受到眾多客人支持照顧，也有知名公眾人物在店裡辦見面會及網路新聞直播。\r\n', 2, '台北市松山區復興北路361巷12號\r\n', '121.5455881\r\n', '25.0603256\r\n', '02-27189178\r\n', 1, 0, 20, 3, '09:00:00', '18:00:00', '2019-11-21 17:04:59'),
(4, 'Funsiamo(台北光復門市)\r\n', 'funsiamoLogo.png\r\n', 'funsiamoSpace1.jpg\r\n', 'Funsiamo 是全方位科技服務品牌，以「客自化」全新思維，提供自助烘焙體驗，即便烘焙新手都能輕鬆完成甜點。Funsiamo 源自英文 Fun「有趣玩樂」及義大利文 siamo「我們」，意喻「Let’s have fun together」，透過手作溫暖，讓您為所愛獻上獨一無二的祝福，讓彼此的距離更近。品牌 Logo 的 F 字樣，猶如女性墊起腳尖恣意舞動姿態，將愛心串聯其中，象徵 DIY 手作為傳遞甜密心意的媒介。這裡以充滿希望與光芒灑落的明亮黃色系框出主視覺，裝潢採用大面積純白、灰階佐以明亮黃色系點綴，讓人得以舒適心情製作甜點，躍居女孩心中夢幻體驗新樂園！\r\n', 2, '台北市大安區光復南路 200巷 28號\r\n', '121.5562176\r\n', '25.0420966\r\n', '02-27753688\r\n', 1, 0, 20, 4, '09:00:00', '18:00:00', '2019-11-21 17:04:59'),
(5, 'Funsiamo(台北京站門市)\r\n', 'funsiamoLogo.png\r\n', 'funsiamoSpace2.jpg\r\n', 'Funsiamo 是全方位科技服務品牌，以「客自化」全新思維，提供自助烘焙體驗，即便烘焙新手都能輕鬆完成甜點。Funsiamo 源自英文 Fun「有趣玩樂」及義大利文 siamo「我們」，意喻「Let’s have fun together」，透過手作溫暖，讓您為所愛獻上獨一無二的祝福，讓彼此的距離更近。品牌 Logo 的 F 字樣，猶如女性墊起腳尖恣意舞動姿態，將愛心串聯其中，象徵 DIY 手作為傳遞甜密心意的媒介。這裡以充滿希望與光芒灑落的明亮黃色系框出主視覺，裝潢採用大面積純白、灰階佐以明亮黃色系點綴，讓人得以舒適心情製作甜點，躍居女孩心中夢幻體驗新樂園！\r\n', 2, '台北市大同區承德路一段1號\r\n', '121.5171935\r\n', '25.049308\r\n', '02-25595580\r\n', 1, 1, 20, 5, '09:00:00', '18:00:00', '2019-11-21 17:13:59'),
(6, 'Funsiamo(統一時代門市)\r\n', 'funsiamoLogo.png\r\n', 'funsiamoSpace3.jpg\r\n', 'Funsiamo 是全方位科技服務品牌，以「客自化」全新思維，提供自助烘焙體驗，即便烘焙新手都能輕鬆完成甜點。Funsiamo 源自英文 Fun「有趣玩樂」及義大利文 siamo「我們」，意喻「Let’s have fun together」，透過手作溫暖，讓您為所愛獻上獨一無二的祝福，讓彼此的距離更近。品牌 Logo 的 F 字樣，猶如女性墊起腳尖恣意舞動姿態，將愛心串聯其中，象徵 DIY 手作為傳遞甜密心意的媒介。這裡以充滿希望與光芒灑落的明亮黃色系框出主視覺，裝潢採用大面積純白、灰階佐以明亮黃色系點綴，讓人得以舒適心情製作甜點，躍居女孩心中夢幻體驗新樂園！\r\n', 2, '台北市信義區忠孝東路五段8號\r\n', '121.5656316\r\n', '25.040569\r\n', '02-27232003\r\n', 0, 0, 20, 3, '09:00:00', '18:00:00', '2019-11-21 17:13:59'),
(7, 'Miss J Baking Studio\r\n', 'missJBakingStudioLogo.png\r\n', 'missJBakingStudioSpace.jpg\r\n', '2017 年 9 月成立的 Miss J Baking Studio，負責人從法國藍帶畢業，堅持提供五星級的烘焙學習環境、一流的師資、高規格的器具、進口的食材，以甜點烘焙教學為主，全程一人一機實作，由老師帶領著一步一步慢慢完成，即使是無烘焙經驗也可以做出美味的甜點，每一樣自己手作的甜點都會包裝得美美讓您帶回家，與親朋好友分享。在這裡，甜點不只是甜點，而是一種傳遞幸福的滋味！\r\n', 2, '台北市中山區農安街23號\r\n', '121.5244373\r\n', '25.0650387\r\n', '02-25943384\r\n', 1, 1, 20, 4, '09:00:00', '18:00:00', '2019-11-21 17:13:59'),
(8, 'JMI手作烘焙坊\r\n', 'JMILogo.jpg\r\n', 'JMISpace.jpg\r\n', '甜點，除了提供味覺上的享受之外，在視覺上的驚奇、新鮮感，才是甜點無法令人忘記的本質。JMI 結合創意、設計、可愛、新穎、食物、客製化等元素，將平凡的甜點，透過 JMI 手作烘焙坊的巧思，讓消費者感受到 JMI 的貼心，賦予獨特的生命，達到味覺、視覺、嗅覺的三重享受。JMI 的客製化服務，我們想創造的不僅僅只是禮品，而是擁有傳遞幸福和回憶的意義。看見客人臉上的感動和喜悅，對於JMI 而言是無價的! 希望將這份感動延續，讓我們有更多動力創作更多「獨一無二」的作品。\r\n', 2, '台北市信義區文昌街331號\r\n', '121.5577176\r\n', '25.0322375\r\n', '0937-162924\r\n', 0, 0, 20, 5, '09:00:00', '18:00:00', '2019-11-21 17:13:59'),
(9, 'YAMICOOK\r\n', 'yamicookLogo.png\r\n', 'yamicookSpace.jpg\r\n', '2010年6月成立的Yamicook美食廚坊，是俊欣行廚房精品專賣店〔i use〕、三友圖書〔橘子出版社〕的關係企業，也是〔傅培梅飲食文化教育基金公益信託〕推廣烹飪教育的平台。除了規劃好課程、尋找好師資，使Yamicook成為充滿學習樂趣和品味生活的園地，也希望藉由建立這個平台，深入推廣飲食文化。Knowledge、Skill、Happiness是Yamicook成立以來的一貫宗旨，讓食物不只是食物，更是人與人之間的互動、彼此分享的喜悅以及互相關懷的溫暖！這裡不只是傳遞知識和技術的廚藝教室，更是充滿歡笑與溫暖的快樂聚會，老師和學生們打成一片，分享美食在生活中的無限美好。\r\n', 2, '台北市中山區長安東路二段246號\r\n', '121.5431755\r\n', '25.048105\r\n', '02-27772988\r\n', 1, 1, 20, 4, '09:00:00', '18:00:00', '2019-11-21 17:13:59'),
(10, 'À ma façon Café & Dessert 焙窩手工甜點\r\n', 'aMaFaconCafeLogo.jpg\r\n', 'aMaFaconCafeSpace.jpg\r\n', '焙窩從一人工作室起家，每一個甜點都是經由我們的雙手一步一步完成。不追求大量生產製造，是相信手工製作的溫度是機械化無法比擬的，就像家常菜一樣讓人感到回味和想念。但也因為純手工製作，為了維持住品質，一直以來焙窩的產出雖有經過時間的淬鍊而成長，但仍無法與工廠製造量相比。對我們來說，每一個甜點不單單只是一項商品，更是我們視為作品的呈現。\r\n', 2, '台北市中山區大直街109號\r\n', '121.547929\r\n', '25.084037\r\n', '02-85027710\r\n', 0, 0, 20, 5, '09:00:00', '18:00:00', '2019-11-21 17:13:59'),
(11, '魔女烘焙坊\r\n', 'soMagicBakeLogo.png\r\n', 'soMagicBakeSpace.jpg\r\n', '「魔女烘焙品味教室」有別於一般 DIY 手作甜點店，「魔女烘焙品味教室」只選擇好食材、不用香精只要天然進口香草籽；不用合成奶油只用歐洲進口奶油。「魔女烘焙品味教室」擁有兩間分店，大安店鄰近忠孝復興站，光復店則是靠近民生社區，擁有多年烘焙經驗的創辦人 Coco 老師表示，期待「魔女烘焙品味教室」能提供大家一種烘焙體驗、享受的空間，無論是初學者、家庭親子體驗，或是想要療癒放鬆，來一趟「魔女烘焙品味教室」，讓您帶著滿滿的美味甜點溫暖你的心喔！\r\n', 2, '台北市大安區大安路一段84巷4號\r\n', '121.54592\r\n', '25.0408867\r\n', '02-27111033\r\n', 1, 1, 20, 3, '09:00:00', '18:00:00', '2019-11-21 17:13:59'),
(12, 'chez soi, a cooking house手繹', 'chezsoiLogo.png', 'chezsoiSpace.jpg', 'chez soi 是法文「回到一個自在的家」之意，這是手繹的設計概念，也是我們想營造的空間氣息與生活質感。充滿獨特個性的陳設，真心溫暖的微笑問候，在這裡，人與食物之間的關係將更具生命力，揉捏的每個手作烘焙點心都有段溫暖的小故事，鍋鏟翻攪的盡是充滿人文滋味的料理，這裡有滿滿生命記憶的美味關係，個人歷程與當下生活的交織，我們真心想成為一間讓人每天都想去的廚藝空間。手繹融合了關於人的生活藝術與美學文化，以最貼近生活的美味食物與廚藝為媒介，用心地為您尋找生活中重要的幸福元素。手繹希望成為一處您可停下腳步，自由自在地分享、學習、創作和快樂的廚藝空間， 期待您來親手實作屬於自己的美味關係 !\r\n', 2, '台北市大同區承德路一段78號\r\n', '121.5172572\r\n', '25.0527319\r\n', '02-25586628\r\n', 1, 1, 20, 5, '09:00:00', '18:00:00', '2019-11-21 17:13:59'),
(13, '自己做 烘焙聚樂部(台北南京店)\r\n', 'ourStoryLogo.jpg\r\n', 'ourStorySpace1.jpeg\r\n', '做甜點跟小時候家家酒沒什麼不同，除了道具、食物變真實，好玩的心情一點都沒變。 \r\n', 2, '台北市松山區南京東路四段195號\r\n', '121.5568864\r\n', '25.05177961\r\n', '0965-833928\r\n', 0, 0, 20, 3, '09:00:00', '18:00:00', '2019-11-21 17:13:59'),
(14, '自己做 烘焙聚樂部(台北士林店)\r\n', 'ourStoryLogo.jpg\r\n', 'ourStorySpace2.png\r\n', '做甜點跟小時候家家酒沒什麼不同，除了道具、食物變真實，好玩的心情一點都沒變。 \r\n', 2, '台北市士林區基河路22號\r\n', '121.5243975\r\n', '25.0832972\r\n', '0965-833928\r\n', 1, 0, 20, 4, '09:00:00', '18:00:00', '2019-11-21 17:13:59'),
(15, '趣玩烘焙DIY\r\n', 'funBakeLogo.jpg\r\n', 'funBakeSpace.jpg\r\n', '相信很多剛剛學烘焙的人都跟我一樣，很想在家裡做蛋糕點心卻不知道要如何下手，買一堆有的沒有的器材卻不知道哪一些是需要用到的，食材買一買，做失敗了就不想再嘗試了！這些趣玩烘焙全部幫您克服了！\r\n', 2, '台北市中正區博愛路138號\r\n', '121.511394\r\n', '25.04285\r\n', '02-23831688\r\n', 1, 1, 20, 5, '09:00:00', '18:00:00', '2019-11-21 17:13:59'),
(16, '樂點屋\r\n', 'happyhouseLogo.jpg\r\n', 'happyhouseSpace.jpg\r\n', '因享受過手作烘焙帶給我們的快樂，我們也想把這份快樂帶給您，不論是您是誰，這裡的每個課程、每份食材、每個角落，都是精心且用心地為您準備，期望在這裡能夠感受像家一樣的溫暖，您體驗真正的\"手作烘焙\"樂趣。\r\n', 2, '台北市大安區臥龍街1號\r\n', '121.5468073\r\n\r\n', '25.0244268\r\n', '02-27389088\r\n', 0, 1, 20, 4, '09:00:00', '18:00:00', '2019-11-21 17:13:59'),
(17, '吃甜甜烘焙DIY\r\n', 'eatSweetLogo.jpg\r\n', 'eatSweetSpace.jpg\r\n', '國內少數由藍帶主廚親自指導的烘焙DIY，優美的環境和完善的設備，讓您輕鬆完成您想做的甜點，主廚精心研發的食譜絕對讓您的作品獲得大家的讚嘆! 想要做出完美的甜點嗎? 來吃甜甜烘焙DIY就對了\r\n', 2, '台北市中正區信義路二段33號\r\n', '121.525896\r\n', '25.034936\r\n', '02-23511728\r\n', 1, 0, 20, 3, '09:00:00', '18:00:00', '2019-11-21 17:21:36'),
(18, '有趣烘焙(市府店)\r\n', 'funDIYLogo.jpg\r\n', 'funDIYSpace1.jpg\r\n', '你是否常常想要做點心時，但一想到要準備食材、器具的時候，就覺得很繁瑣、麻煩呢 ?又或者想要做點心，興高采烈的製作，卻常常沒有預期的順利呢?沒關係，這次『有趣烘焙』聽到您們的心聲了。無論晴天雨天，就算只有一個人，也能很開心地做點心。三五好友團聚好去處、親子娛樂動手做的好所在、情侶約會最佳選擇、舒緩壓力療癒身心。有趣烘焙秉持著對烘焙的熱情，想將這一份感覺分享給每一位朋友，不僅採用方便的自助空間、完整專業的烘焙器材，更在食材上的選用給大家最好的品質。讓您留下一次美好的烘焙回憶。快來有趣烘焙創造屬於您的烘焙回憶吧。\r\n', 2, '台北市信義區忠孝東路五段71巷11弄1號\r\n', '121.568574\r\n', '25.0420199\r\n', '0981-019999\r\n', 0, 0, 20, 5, '09:00:00', '18:00:00', '2019-11-21 17:21:36'),
(19, '有趣烘焙(永春店)\r\n', 'funDIYLogo.jpg\r\n', 'funDIYSpace2.jpg\r\n', '你是否常常想要做點心時，但一想到要準備食材、器具的時候，就覺得很繁瑣、麻煩呢 ?又或者想要做點心，興高采烈的製作，卻常常沒有預期的順利呢?沒關係，這次『有趣烘焙』聽到您們的心聲了。無論晴天雨天，就算只有一個人，也能很開心地做點心。三五好友團聚好去處、親子娛樂動手做的好所在、情侶約會最佳選擇、舒緩壓力療癒身心。有趣烘焙秉持著對烘焙的熱情，想將這一份感覺分享給每一位朋友，不僅採用方便的自助空間、完整專業的烘焙器材，更在食材上的選用給大家最好的品質。讓您留下一次美好的烘焙回憶。快來有趣烘焙創造屬於您的烘焙回憶吧。\r\n', 2, '台北市信義區忠孝東路五段524巷1弄4號\r\n', '121.579739\r\n', '25.0411089\r\n', '0981-019999\r\n', 1, 1, 20, 4, '09:00:00', '18:00:00', '2019-11-21 17:21:36'),
(20, '樂朋烘焙教室\r\n', 'lePontLogo.png\r\n', 'lePontSpace.jpg\r\n', '提供各種烘焙材料，進口粉類，進口特殊食材，台灣在地小農優質農產品，日製烘焙器具、烤模、工具及各式包裝材料，豐富的烘焙廚藝課程。\r\n', 2, '台北市中正區和平西路一段126號\r\n', '121.516915\r\n', '25.0269213\r\n', '02-23689058\r\n', 1, 1, 20, 2, '09:00:00', '18:00:00', '2019-11-21 17:21:36'),
(21, '幸福微甜手做diy烘焙屋\r\n', 'gloriaSweetLogo.jpg\r\n', 'gloriaSweetSpace.jpg\r\n', '幸福微甜DIY手做烘焙屋，可以自己做甜點的好去處，我們打造了如同家一般的溫暖環境，提供了最齊全的器具以及安心的好食材，讓您輕鬆做出美味的好甜點。\r\n', 4, '台北市信義區莊敬路253號\r\n', '121.5625942\r\n', '25.0293984\r\n', '02-87890330\r\n', 0, 1, 20, 4, '09:00:00', '18:00:00', '2019-11-21 17:21:36'),
(22, '易烘焙EZ BAKING(信義店)\r\n', 'ezBakingLogo.jpg\r\n', 'ezBakingSpace1.jpg\r\n', '易烘焙讓烘焙變容易了。輕鬆讓您做出秒殺排隊點心，易烘焙準備好材料、器具及食譜，不需包課程，隨時來隨時做。\r\n', 2, '台北市大安區信義路四段265巷5弄3號\r\n', '121.5545809\r\n', '25.0338956\r\n', '0984-345347\r\n', 1, 1, 20, 5, '09:00:00', '18:00:00', '2019-11-21 17:21:36'),
(23, '易烘焙EZ BAKING(三重店)\r\n', 'ezBakingLogo.jpg\r\n', 'ezBakingSpace2.jpg\r\n', '易烘焙讓烘焙變容易了。輕鬆讓您做出秒殺排隊點心，易烘焙準備好材料、器具及食譜，不需包課程，隨時來隨時做。\r\n', 3, '新北市三重區捷運路19巷6弄20號\r\n', '121.484425\r\n', '25.056649\r\n', '0984-345347\r\n', 0, 1, 20, 3, '09:00:00', '18:00:00', '2019-11-21 17:21:36'),
(24, 'Hananeco 花貓蛋糕實驗室\r\n', 'hananecoLogo.jpg\r\n', 'hananecoSpace.jpg\r\n', '花貓蛋糕實驗室帶來多元化的蛋糕裝飾課程，不論你是否有烘培的經驗或底子，循序漸進式的課程教學，除了各式蛋糕裝飾技巧教學，課程著重在蛋糕設計的創意培養與發想，讓每一位同學都可輕鬆容易的上手，並從此愛上烘培這件事。亦或是在送禮時苦於買不到心中完美蛋糕的你，都歡迎親身來花貓蛋糕實驗室體驗 DIY 的樂趣。\r\n', 3, '新北市永和區仁愛路49號\r\n', '121.513778\r\n', '25.01322\r\n', '02-29239556\r\n', 0, 0, 20, 4, '09:00:00', '18:00:00', '2019-11-21 17:21:36'),
(25, 'Yumi手作烘焙\r\n', 'yumiLogo.jpg\r\n', 'yumiSpace.jpg\r\n', '烘焙活動 韓式擠花 親子體驗活動團體 巧克力擠花 埸地租借 奶油土擠花 等期待每位來到這裡的人都帶著滿滿的回憶與經驗也讓您喜愛手作的美好\r\n', 3, '新北市三重區光明路16號\r\n', '121.491327\r\n', '25.058862\r\n', '0902-434341\r\n', 1, 1, 20, 3, '09:00:00', '18:00:00', '2019-11-21 17:21:36'),
(26, '自己做 烘焙聚樂部(新北板橋店)\r\n', 'ourStoryLogo.jpg\r\n', 'ourStorySpace7.jpg\r\n', '做甜點跟小時候家家酒沒什麼不同，除了道具、食物變真實，好玩的心情一點都沒變。 \r\n', 3, '新北市板橋區文化路一段360號\r\n', '121.4687999\r\n', '25.0236277\r\n', '0965-833928\r\n', 0, 0, 20, 4, '09:00:00', '18:00:00', '2019-11-21 17:21:36'),
(27, 'Funsiamo(桃園市府門市)\r\n', 'funsiamoLogo.png\r\n', 'funsiamoSpace4.jpg\r\n', 'Funsiamo 是全方位科技服務品牌，以「客自化」全新思維，提供自助烘焙體驗，即便烘焙新手都能輕鬆完成甜點。Funsiamo 源自英文 Fun「有趣玩樂」及義大利文 siamo「我們」，意喻「Let’s have fun together」，透過手作溫暖，讓您為所愛獻上獨一無二的祝福，讓彼此的距離更近。品牌 Logo 的 F 字樣，猶如女性墊起腳尖恣意舞動姿態，將愛心串聯其中，象徵 DIY 手作為傳遞甜密心意的媒介。這裡以充滿希望與光芒灑落的明亮黃色系框出主視覺，裝潢採用大面積純白、灰階佐以明亮黃色系點綴，讓人得以舒適心情製作甜點，躍居女孩心中夢幻體驗新樂園！\r\n', 4, '桃園市桃園區忠一路87號\r\n', '121.300617\r\n', '24.995577\r\n', '03-3369998\r\n', 1, 0, 20, 4, '09:00:00', '18:00:00', '2019-11-21 17:21:36'),
(28, 'Funsiamo(中壢新生門市)\r\n', 'funsiamoLogo.png\r\n', 'funsiamoSpace5.jpg\r\n', 'Funsiamo 是全方位科技服務品牌，以「客自化」全新思維，提供自助烘焙體驗，即便烘焙新手都能輕鬆完成甜點。Funsiamo 源自英文 Fun「有趣玩樂」及義大利文 siamo「我們」，意喻「Let’s have fun together」，透過手作溫暖，讓您為所愛獻上獨一無二的祝福，讓彼此的距離更近。品牌 Logo 的 F 字樣，猶如女性墊起腳尖恣意舞動姿態，將愛心串聯其中，象徵 DIY 手作為傳遞甜密心意的媒介。這裡以充滿希望與光芒灑落的明亮黃色系框出主視覺，裝潢採用大面積純白、灰階佐以明亮黃色系點綴，讓人得以舒適心情製作甜點，躍居女孩心中夢幻體驗新樂園！\r\n', 4, '桃園市中壢區新生路336號\r\n', '121.2235388\r\n', '24.96580488\r\n', '03-4260089\r\n', 0, 1, 20, 3, '09:00:00', '18:00:00', '2019-11-21 17:21:36'),
(29, '易烘焙EZ BAKING(新竹店)\r\n', 'ezBakingLogo.jpg\r\n', 'ezBakingSpace3.jpg\r\n', '易烘焙讓烘焙變容易了。輕鬆讓您做出秒殺排隊點心，易烘焙準備好材料、器具及食譜，不需包課程，隨時來隨時做。\r\n', 5, '新竹市東區中央路311號\r\n', '120.978562\r\n', '24.8109301\r\n', '03-5152046\r\n', 0, 0, 20, 5, '09:00:00', '18:00:00', '2019-11-21 17:25:00'),
(30, '自己做 烘焙聚樂部(新竹文化店)\r\n', 'ourStoryLogo.jpg\r\n', 'ourStorySpace3.jpg\r\n', '做甜點跟小時候家家酒沒什麼不同，除了道具、食物變真實，好玩的心情一點都沒變。 \r\n', 5, '新竹市東區文化街2-2號\r\n', '120.97103\r\n', '24.804758\r\n', '0965-833928\r\n', 1, 1, 20, 4, '09:00:00', '18:00:00', '2019-11-21 17:25:00'),
(31, '自己做 烘焙聚樂部(台中精明店)\r\n', 'ourStoryLogo.jpg\r\n', 'ourStorySpace4.jpg\r\n', '做甜點跟小時候家家酒沒什麼不同，除了道具、食物變真實，好玩的心情一點都沒變。 \r\n', 9, '台中市西區精明一街88號\r\n', '120.655033\r\n', '24.155579\r\n', '0965-833928\r\n', 0, 1, 20, 3, '09:00:00', '18:00:00', '2019-11-21 17:25:00'),
(32, '自己做 烘焙聚樂部(台中草悟道店)\r\n', 'ourStoryLogo.jpg\r\n', 'ourStorySpace5.jpg\r\n', '做甜點跟小時候家家酒沒什麼不同，除了道具、食物變真實，好玩的心情一點都沒變。 \r\n', 9, '台中市向上北路136號\r\n', '120.6629008\r\n', '24.14797245\r\n', '0965-833928\r\n', 1, 0, 20, 3, '09:00:00', '18:00:00', '2019-11-21 17:25:00'),
(33, '自己做 烘焙聚樂部(台南focus店)\r\n', 'ourStoryLogo.jpg\r\n', 'ourStorySpace6.jpg\r\n', '做甜點跟小時候家家酒沒什麼不同，除了道具、食物變真實，好玩的心情一點都沒變。 \r\n', 16, '台南市中西區中山路166號\r\n', '120.210045\r\n', '22.995622\r\n', '0965-833928\r\n', 1, 1, 20, 5, '09:00:00', '18:00:00', '2019-11-21 17:25:00');

-- --------------------------------------------------------

--
-- 資料表結構 `subject`
--

CREATE TABLE `subject` (
  `subject_sid` int(11) NOT NULL COMMENT '開課編號',
  `teacher_sid` int(11) NOT NULL COMMENT '老師編號',
  `subject_name` varchar(255) NOT NULL COMMENT '開課名稱',
  `subject_date` datetime NOT NULL COMMENT '開課日期',
  `subject_spend_time` varchar(255) NOT NULL COMMENT '開課所需時間',
  `area_sid` int(11) NOT NULL COMMENT '地區編號',
  `subject_address` varchar(255) NOT NULL COMMENT '開課地址',
  `subject_price` int(11) NOT NULL COMMENT '開課費用',
  `subject_feature` varchar(255) NOT NULL COMMENT '開課特色',
  `subject_nervous` int(11) NOT NULL COMMENT '通知人數緊張',
  `subject_number` int(11) NOT NULL COMMENT '報名總人數',
  `subject_create` datetime NOT NULL COMMENT '新增開課時間'
) ENGINE=InnoDB DEFAULT CHARSET=utf8;

--
-- 傾印資料表的資料 `subject`
--

INSERT INTO `subject` (`subject_sid`, `teacher_sid`, `subject_name`, `subject_date`, `subject_spend_time`, `area_sid`, `subject_address`, `subject_price`, `subject_feature`, `subject_nervous`, `subject_number`, `subject_create`) VALUES
(1, 3, '鵪鶉蛋Quail egg', '2019-12-20 12:00:00', '4小時', 2, '士林區中山北路五段621號', 5000, '粉膚色帶斑點的外殼與金絲鳥巢以白巧克力製成，剖開內層像滷透的溏心蛋，蛋白是椰子慕斯，蛋黃則是百香果奶餡與芒果果醬，幕斯的質地輕柔，熱帶水果的酸甜風味不會太重手，優雅平衡。', 2, 10, '2019-11-11 00:00:00'),
(2, 3, '巧克力焦糖滾筒The Chocolate Caramel Cylinder', '2019-12-19 13:00:00', '4小時', 2, '士林區中山北路五段621號', 4600, '以巧克力沙布列法式酥餅為底，疊上口感濕潤的巧克力蛋糕及濃稠流淌的香甜軟心焦糖奶油，再裹以65%法芙娜苦', 2, 10, '2019-11-11 00:00:00'),
(3, 3, 'CARAMEL CLOCK', '2019-12-21 13:00:00', '3小時', 2, '士林區中山北路五段621號', 4200, '以榛果塔皮為底，搭配香脆的榛果沙布列法式酥餅，裡層以濃稠的榛果奶油餡與滑順的果仁糖慕斯林奶油餡', 2, 10, '2019-11-11 00:00:00'),
(4, 1, '聖多諾黑泡芙塔Le Saint Honoré', '2019-12-27 13:00:00', '3小時', 2, '士林區中山北路五段621號', 4000, '以手工壓製酥鬆香脆的千層派皮，中間放上一圈泡芙餅皮與咖啡吉布斯特內餡，增添味覺與口感的層次', 2, 15, '2019-11-08 00:00:00'),
(5, 1, 'YELLOW LEMON', '2019-12-26 12:00:00', '5小時', 2, '士林區中山北路五段621號', 4600, '以打發的檸檬甘納許取代傳統慕斯，包覆住糖漬檸檬混拌檸檬凝乳、檸檬汁和切得極碎的薄荷，品嘗時洋溢著濃烈的檸檬酸氣，尾韻帶著檸檬皮的苦香和薄荷的清涼感', 2, 8, '2019-11-08 00:00:00'),
(6, 2, 'LEMON TART', '2019-12-29 13:00:00', '3小時', 2, '士林區中山北路五段621號', 4000, '採用預烤法，先把塔皮單獨烤過後再把隔水加熱過的餡料置入，並且採用冰奶油作為塔皮的原料，如此就能全面保持塔皮的酥脆口感', 2, 12, '2019-11-18 00:00:00'),
(7, 4, '巴黎布雷斯特Paris Brest', '2020-01-10 11:00:00', '4小時', 4, '台中市西區向上路一段79巷72號\r\n', 4500, '泡芙中間是花生焦糖法式奶油醬，內裡是深色花生焦糖醬上面是螺旋狀花生甘納許，下方塔皮比泡芙的酥殼要硬韌一些但帶有烘烤香氣', 2, 10, '2019-11-27 00:00:00'),
(8, 2, '馬達加斯加香草千層派', '2019-12-30 14:00:00', '3小時', 2, '士林區中山北路五段621號', 3800, '111', 2, 10, '2019-11-25 00:00:00'),
(9, 5, '焦糖海鹽', '2019-12-10 12:00:00', '3小時', 2, '士林區中山北路五段621號', 3600, '111', 2, 10, '2019-11-03 00:00:00'),
(10, 4, 'PARIS BREST', '2019-12-09 11:00:00', '5小時', 4, '台中市西區向上路一段79巷72號\r\n', 4500, '泡芙中間是花生焦糖法式奶油醬，內裡是深色花生焦糖醬上面是螺旋狀花生甘納許，下方塔皮比泡芙的酥殼要硬韌一些但帶有烘烤香氣', 2, 8, '2019-10-01 00:00:00'),
(11, 4, '兔子Pink Magic', '2019-12-16 13:00:00', '3小時', 4, '台中市西區向上路一段79巷72號\r\n', 3600, '由外而內分別由 日本柚子輕慕斯、薑果泥、Mekonga奶油醬、榛果脆餅 組成，風味清爽融合、口感層次豐富', 2, 15, '2019-11-05 00:00:00'),
(12, 5, 'ROSE MACARON', '2020-01-13 11:00:00', '4小時', 2, '台中市西區向上路一段79巷72號', 4000, '如咬了一口青澀初戀，檸檬馬鞭草慕斯、水蜜桃果丁、水蜜桃果餡、布列塔尼脆餅、巧克力飾片果枝', 2, 8, '2019-12-02 00:00:00'),
(13, 5, 'PINK JASMINE', '2019-12-16 12:00:00', '4小時', 2, '士林區中山北路五段621號', 4600, '層層疊疊的花瓣，凝視的時候彷彿看到花朵在轉動，口味是熱帶水果和茉莉', 2, 16, '2019-11-18 00:00:00'),
(14, 1, '榛果La Noisette par', '2019-12-09 11:00:00', '4小時', 2, '士林區中山北路五段621號', 4200, '內餡是以傳統熬製的榛果帕林內與榛果焦糖醬，外層則是打發的栗子甘納許，厚重而有層次的榛果風味在口中交疊', 2, 10, '2019-11-05 00:00:00');

-- --------------------------------------------------------

--
-- 資料表結構 `subject_applicants`
--

CREATE TABLE `subject_applicants` (
  `subject_applicants` int(11) NOT NULL COMMENT '報名資料編號',
  `subject_order_sid` int(11) NOT NULL DEFAULT '0' COMMENT '開課訂單編號',
  `subject_applicants_name` varchar(255) NOT NULL DEFAULT '0' COMMENT '報名者姓名',
  `subject_applicants_phone` varchar(255) NOT NULL DEFAULT '0' COMMENT '報名者電話',
  `subject_applicants_email` varchar(255) NOT NULL DEFAULT '0' COMMENT '報名者信箱'
) ENGINE=InnoDB DEFAULT CHARSET=utf8 COMMENT='開課訂單報名資料表';

--
-- 傾印資料表的資料 `subject_applicants`
--

INSERT INTO `subject_applicants` (`subject_applicants`, `subject_order_sid`, `subject_applicants_name`, `subject_applicants_phone`, `subject_applicants_email`) VALUES
(1, 1, '王曉華', '0955123456', 'ccc@gmail.com'),
(2, 1, '王大華', '0988888888', 'ddaab@gmail.com');

-- --------------------------------------------------------

--
-- 資料表結構 `subject_img`
--

CREATE TABLE `subject_img` (
  `subject_img_sid` int(11) NOT NULL COMMENT '開課圖編號',
  `teacher_sid` int(11) NOT NULL COMMENT '老師編號',
  `subject_sid` int(11) NOT NULL COMMENT '開課編號',
  `subject_img` text NOT NULL COMMENT '開課圖'
) ENGINE=InnoDB DEFAULT CHARSET=utf8;

--
-- 傾印資料表的資料 `subject_img`
--

INSERT INTO `subject_img` (`subject_img_sid`, `teacher_sid`, `subject_sid`, `subject_img`) VALUES
(1, 3, 1, 't3-sub1.png'),
(2, 3, 3, 't3-sub3.png'),
(3, 1, 5, 't1-sub5.png'),
(4, 1, 14, 't1-sub14.png'),
(5, 4, 10, 't4-sub10.png'),
(6, 5, 13, 't5-sub13.png'),
(7, 2, 6, 't2-sub6.png'),
(8, 5, 12, 't5-sub12.png');

-- --------------------------------------------------------

--
-- 資料表結構 `subject_order`
--

CREATE TABLE `subject_order` (
  `subject_order_sid` int(11) NOT NULL COMMENT '開課訂單編號',
  `order_sid` int(11) DEFAULT NULL COMMENT '會員訂單編號',
  `subject_sid` int(11) DEFAULT NULL COMMENT '開課編號',
  `subject_applicants_name` varchar(255) DEFAULT NULL COMMENT '報名者姓名',
  `subject_applicants_phone` varchar(255) DEFAULT NULL COMMENT '報名者電話',
  `subject_applicants` int(11) DEFAULT NULL COMMENT '報名人數'
) ENGINE=InnoDB DEFAULT CHARSET=utf8 COMMENT='會員訂單詳細表(開課)';

--
-- 傾印資料表的資料 `subject_order`
--

INSERT INTO `subject_order` (`subject_order_sid`, `order_sid`, `subject_sid`, `subject_applicants_name`, `subject_applicants_phone`, `subject_applicants`) VALUES
(4, 93, 1, 'jason', '0953241988', 5),
(5, 155, 6, 'Eva', '0989123456', 1),
(6, 156, 10, 'Benson', '0988456789', 2),
(8, 168, 12, 'Andy', '0912345678', 1),
(10, 170, 6, 'eva', '0989000123', 1),
(15, 175, 3, 'james', '0912345687', 1),
(22, 191, 5, 'eva', '0925000789', 2),
(29, 231, 10, 'peter', '0925000999', 1),
(30, 232, 6, 'Rick', '0989567123', 1),
(85, 308, 3, 'jason', '123', 1),
(86, 320, 12, 'amy', '0945678900', 1),
(87, 321, 10, 'Annie', '0945678900', 1),
(88, 322, 5, 'eva', '0923456456', 2),
(89, 326, 10, 'Annie', '0945678999', 1),
(90, 329, 12, 'Annie', '0945678900', 2),
(92, 331, 6, 'eva', '0976562513', 4),
(93, 342, 6, 'Ben', '0989123456', 2),
(94, 343, 6, 'troy0606', '0975123456', 1),
(95, 344, 6, 'eva', '0976562513', 1),
(100, 350, 12, 'Annie', '0945678900', 1);

-- --------------------------------------------------------

--
-- 資料表結構 `teacher`
--

CREATE TABLE `teacher` (
  `teacher_sid` int(11) NOT NULL COMMENT '老師編號',
  `teacher_name` varchar(255) NOT NULL COMMENT '老師名稱',
  `teacher_skill` varchar(255) NOT NULL COMMENT '老師專長',
  `teacher_detail` text NOT NULL COMMENT '老師介紹',
  `teacher_create` datetime NOT NULL COMMENT '老師新增時間',
  `teacher_small_img` text NOT NULL COMMENT '老師縮圖',
  `teacher_big_img` text NOT NULL COMMENT '老師大圖'
) ENGINE=InnoDB DEFAULT CHARSET=utf8;

--
-- 傾印資料表的資料 `teacher`
--

INSERT INTO `teacher` (`teacher_sid`, `teacher_name`, `teacher_skill`, `teacher_detail`, `teacher_create`, `teacher_small_img`, `teacher_big_img`) VALUES
(1, 'Cedric Grole', '水果擬真甜點\r\n聖多諾黑泡芙塔\r\n魔術方塊', '甜點哲學是，不要重複別人做的，而是要有自己的理念和創造，都是單一主要素材，從不混合味道，而是想辦法把味道發揮到極致，讓人明白在吃的是什麼食材，它原來的味道是怎樣', '2019-11-02 14:00:22', 't1-11.png', 't1.png'),
(2, 'Yann Couvreur', '巴黎與布列斯特\r\n開心果塔\r\n檸檬塔', '不用太多色素，強調原始的風味，做最簡單的組合，但卻帶有濃郁、很美味的做法，把味道呈現出來。另外，不希望外表有太多華而不實的裝飾，希望是以很樸實的，很耐吃的，帶有風味的想法去設計甜點', '2019-11-02 14:02:35', 't2-11.png', 't2.png'),
(3, 'Amaury Guichon', '鵪鶉蛋\r\n榛果戒指\r\n巧克力焦糖滾筒', '喜歡嘗試別人沒做過的題材創作，更善於模擬平日常見的事物，如：時鐘、蛋、煙斗等精巧小蛋糕，及創作椅子、留聲機、亞馬遜戰士等大型雕塑，這些維妙維肖、鬼斧神工，極具視覺震撼力的巧克力甜點作品', '2019-11-02 14:10:48', 't3-11.png', 't3.png'),
(4, 'Soriano Joaquin', '布列斯特\r\n可頌', '擅長運用特殊香氣融入甜點，如檜木、茉莉花香，使得甜點氣味複雜而層次萬千，熱愛極限運動，也造就在甜點的創作上，大膽、創新、前衛', '2019-11-02 14:28:17', 't4-11.png', 't4.png'),
(5, 'Alexis Bouillet', '法式甜點\r\n法式千層派\r\n馬卡龍', '喜歡透過在地食材，發揮他那無限的創意，即使是相同的作品，總能注入自己的風格在其中', '2019-11-02 14:36:18', 't5-11.png', 't5.png');

-- --------------------------------------------------------

--
-- 資料表結構 `transfer_status`
--

CREATE TABLE `transfer_status` (
  `transfer_status_sid` int(11) NOT NULL COMMENT '轉讓狀態編號',
  `transfer_status_name` varchar(255) NOT NULL DEFAULT '"' COMMENT '轉讓狀態名稱'
) ENGINE=InnoDB DEFAULT CHARSET=utf8 COMMENT='轉讓狀態表';

--
-- 傾印資料表的資料 `transfer_status`
--

INSERT INTO `transfer_status` (`transfer_status_sid`, `transfer_status_name`) VALUES
(1, '無轉讓'),
(2, '轉讓者'),
(3, '接收者');

-- --------------------------------------------------------

--
-- 資料表結構 `type`
--

CREATE TABLE `type` (
  `type_sid` int(11) NOT NULL COMMENT 'sid(PK)類型編號',
  `type_name` varchar(255) NOT NULL COMMENT '類型名稱'
) ENGINE=InnoDB DEFAULT CHARSET=utf8 COMMENT='類型表(type)	';

--
-- 傾印資料表的資料 `type`
--

INSERT INTO `type` (`type_sid`, `type_name`) VALUES
(1, '烘焙'),
(2, '食材'),
(3, '店家'),
(4, '課程'),
(5, '老師'),
(6, '開課');

--
-- 已傾印資料表的索引
--

--
-- 資料表索引 `area`
--
ALTER TABLE `area`
  ADD PRIMARY KEY (`area_sid`);

--
-- 資料表索引 `bake`
--
ALTER TABLE `bake`
  ADD PRIMARY KEY (`bake_sid`);

--
-- 資料表索引 `bonus`
--
ALTER TABLE `bonus`
  ADD PRIMARY KEY (`bonus_sid`);

--
-- 資料表索引 `community`
--
ALTER TABLE `community`
  ADD PRIMARY KEY (`community_sid`);

--
-- 資料表索引 `coupon`
--
ALTER TABLE `coupon`
  ADD PRIMARY KEY (`coupon_sid`);

--
-- 資料表索引 `course`
--
ALTER TABLE `course`
  ADD PRIMARY KEY (`course_sid`);

--
-- 資料表索引 `course_cart`
--
ALTER TABLE `course_cart`
  ADD PRIMARY KEY (`course_cart_sid`);

--
-- 資料表索引 `course_img`
--
ALTER TABLE `course_img`
  ADD PRIMARY KEY (`course_img_sid`);

--
-- 資料表索引 `course_ind`
--
ALTER TABLE `course_ind`
  ADD PRIMARY KEY (`course_ind_sid`);

--
-- 資料表索引 `course_order`
--
ALTER TABLE `course_order`
  ADD PRIMARY KEY (`course_order_sid`);

--
-- 資料表索引 `ingredients`
--
ALTER TABLE `ingredients`
  ADD PRIMARY KEY (`ingredients_sid`);

--
-- 資料表索引 `ingredients_cart`
--
ALTER TABLE `ingredients_cart`
  ADD PRIMARY KEY (`ingredient_cart_sid`);

--
-- 資料表索引 `ingredients_order`
--
ALTER TABLE `ingredients_order`
  ADD PRIMARY KEY (`ingredients_order_sid`);

--
-- 資料表索引 `member`
--
ALTER TABLE `member`
  ADD PRIMARY KEY (`member_sid`);

--
-- 資料表索引 `member_coupon`
--
ALTER TABLE `member_coupon`
  ADD PRIMARY KEY (`member_coupon_sid`);

--
-- 資料表索引 `member_like`
--
ALTER TABLE `member_like`
  ADD PRIMARY KEY (`like_sid`);

--
-- 資料表索引 `member_photo`
--
ALTER TABLE `member_photo`
  ADD PRIMARY KEY (`member_photo_sid`);

--
-- 資料表索引 `order`
--
ALTER TABLE `order`
  ADD PRIMARY KEY (`order_sid`);

--
-- 資料表索引 `order_status`
--
ALTER TABLE `order_status`
  ADD PRIMARY KEY (`order_status_sid`);

--
-- 資料表索引 `place`
--
ALTER TABLE `place`
  ADD PRIMARY KEY (`place_sid`);

--
-- 資料表索引 `store`
--
ALTER TABLE `store`
  ADD PRIMARY KEY (`store_sid`);

--
-- 資料表索引 `subject`
--
ALTER TABLE `subject`
  ADD PRIMARY KEY (`subject_sid`);

--
-- 資料表索引 `subject_applicants`
--
ALTER TABLE `subject_applicants`
  ADD PRIMARY KEY (`subject_applicants`);

--
-- 資料表索引 `subject_img`
--
ALTER TABLE `subject_img`
  ADD PRIMARY KEY (`subject_img_sid`);

--
-- 資料表索引 `subject_order`
--
ALTER TABLE `subject_order`
  ADD PRIMARY KEY (`subject_order_sid`);

--
-- 資料表索引 `teacher`
--
ALTER TABLE `teacher`
  ADD PRIMARY KEY (`teacher_sid`);

--
-- 資料表索引 `transfer_status`
--
ALTER TABLE `transfer_status`
  ADD PRIMARY KEY (`transfer_status_sid`);

--
-- 資料表索引 `type`
--
ALTER TABLE `type`
  ADD PRIMARY KEY (`type_sid`);

--
-- 在傾印的資料表使用自動遞增(AUTO_INCREMENT)
--

--
-- 使用資料表自動遞增(AUTO_INCREMENT) `area`
--
ALTER TABLE `area`
  MODIFY `area_sid` int(11) NOT NULL AUTO_INCREMENT COMMENT 'sid(PK)地區編號', AUTO_INCREMENT=20;

--
-- 使用資料表自動遞增(AUTO_INCREMENT) `bake`
--
ALTER TABLE `bake`
  MODIFY `bake_sid` int(11) NOT NULL AUTO_INCREMENT COMMENT 'sid(PK)推薦烘焙編號', AUTO_INCREMENT=11;

--
-- 使用資料表自動遞增(AUTO_INCREMENT) `bonus`
--
ALTER TABLE `bonus`
  MODIFY `bonus_sid` int(11) NOT NULL AUTO_INCREMENT COMMENT '紅利流水號', AUTO_INCREMENT=6;

--
-- 使用資料表自動遞增(AUTO_INCREMENT) `community`
--
ALTER TABLE `community`
  MODIFY `community_sid` int(11) NOT NULL AUTO_INCREMENT COMMENT 'sid(PK)社群編號', AUTO_INCREMENT=4;

--
-- 使用資料表自動遞增(AUTO_INCREMENT) `coupon`
--
ALTER TABLE `coupon`
  MODIFY `coupon_sid` int(11) NOT NULL AUTO_INCREMENT, AUTO_INCREMENT=6;

--
-- 使用資料表自動遞增(AUTO_INCREMENT) `course`
--
ALTER TABLE `course`
  MODIFY `course_sid` int(11) NOT NULL AUTO_INCREMENT COMMENT '課程編號', AUTO_INCREMENT=348;

--
-- 使用資料表自動遞增(AUTO_INCREMENT) `course_cart`
--
ALTER TABLE `course_cart`
  MODIFY `course_cart_sid` int(11) NOT NULL AUTO_INCREMENT COMMENT '課程購物車編號', AUTO_INCREMENT=2;

--
-- 使用資料表自動遞增(AUTO_INCREMENT) `course_img`
--
ALTER TABLE `course_img`
  MODIFY `course_img_sid` int(11) NOT NULL AUTO_INCREMENT COMMENT '課程圖表編號', AUTO_INCREMENT=348;

--
-- 使用資料表自動遞增(AUTO_INCREMENT) `course_ind`
--
ALTER TABLE `course_ind`
  MODIFY `course_ind_sid` int(11) NOT NULL AUTO_INCREMENT COMMENT '課程協細頁編號', AUTO_INCREMENT=51;

--
-- 使用資料表自動遞增(AUTO_INCREMENT) `course_order`
--
ALTER TABLE `course_order`
  MODIFY `course_order_sid` int(11) NOT NULL AUTO_INCREMENT COMMENT '課程訂單編號', AUTO_INCREMENT=156;

--
-- 使用資料表自動遞增(AUTO_INCREMENT) `ingredients`
--
ALTER TABLE `ingredients`
  MODIFY `ingredients_sid` int(11) NOT NULL AUTO_INCREMENT COMMENT 'sid(PK)食材編號', AUTO_INCREMENT=57;

--
-- 使用資料表自動遞增(AUTO_INCREMENT) `ingredients_cart`
--
ALTER TABLE `ingredients_cart`
  MODIFY `ingredient_cart_sid` int(11) NOT NULL AUTO_INCREMENT COMMENT '食材購物車編號';

--
-- 使用資料表自動遞增(AUTO_INCREMENT) `ingredients_order`
--
ALTER TABLE `ingredients_order`
  MODIFY `ingredients_order_sid` int(11) NOT NULL AUTO_INCREMENT COMMENT '食材訂單編號', AUTO_INCREMENT=164;

--
-- 使用資料表自動遞增(AUTO_INCREMENT) `member`
--
ALTER TABLE `member`
  MODIFY `member_sid` int(11) NOT NULL AUTO_INCREMENT COMMENT '會員編號', AUTO_INCREMENT=80;

--
-- 使用資料表自動遞增(AUTO_INCREMENT) `member_coupon`
--
ALTER TABLE `member_coupon`
  MODIFY `member_coupon_sid` int(11) NOT NULL AUTO_INCREMENT COMMENT '會員優惠卷編號', AUTO_INCREMENT=57;

--
-- 使用資料表自動遞增(AUTO_INCREMENT) `member_like`
--
ALTER TABLE `member_like`
  MODIFY `like_sid` int(11) NOT NULL AUTO_INCREMENT COMMENT '會員喜好編號';

--
-- 使用資料表自動遞增(AUTO_INCREMENT) `member_photo`
--
ALTER TABLE `member_photo`
  MODIFY `member_photo_sid` int(11) NOT NULL AUTO_INCREMENT COMMENT '照片編號', AUTO_INCREMENT=77;

--
-- 使用資料表自動遞增(AUTO_INCREMENT) `order`
--
ALTER TABLE `order`
  MODIFY `order_sid` int(11) NOT NULL AUTO_INCREMENT COMMENT '會員訂單編號', AUTO_INCREMENT=351;

--
-- 使用資料表自動遞增(AUTO_INCREMENT) `order_status`
--
ALTER TABLE `order_status`
  MODIFY `order_status_sid` int(11) NOT NULL AUTO_INCREMENT COMMENT '出貨狀態編號', AUTO_INCREMENT=4;

--
-- 使用資料表自動遞增(AUTO_INCREMENT) `place`
--
ALTER TABLE `place`
  MODIFY `place_sid` int(11) NOT NULL AUTO_INCREMENT COMMENT 'sid(PK)產地編號';

--
-- 使用資料表自動遞增(AUTO_INCREMENT) `store`
--
ALTER TABLE `store`
  MODIFY `store_sid` int(11) NOT NULL AUTO_INCREMENT COMMENT 'sid(PK)店家編號', AUTO_INCREMENT=34;

--
-- 使用資料表自動遞增(AUTO_INCREMENT) `subject`
--
ALTER TABLE `subject`
  MODIFY `subject_sid` int(11) NOT NULL AUTO_INCREMENT COMMENT '開課編號', AUTO_INCREMENT=15;

--
-- 使用資料表自動遞增(AUTO_INCREMENT) `subject_applicants`
--
ALTER TABLE `subject_applicants`
  MODIFY `subject_applicants` int(11) NOT NULL AUTO_INCREMENT COMMENT '報名資料編號', AUTO_INCREMENT=3;

--
-- 使用資料表自動遞增(AUTO_INCREMENT) `subject_img`
--
ALTER TABLE `subject_img`
  MODIFY `subject_img_sid` int(11) NOT NULL AUTO_INCREMENT COMMENT '開課圖編號', AUTO_INCREMENT=9;

--
-- 使用資料表自動遞增(AUTO_INCREMENT) `subject_order`
--
ALTER TABLE `subject_order`
  MODIFY `subject_order_sid` int(11) NOT NULL AUTO_INCREMENT COMMENT '開課訂單編號', AUTO_INCREMENT=101;

--
-- 使用資料表自動遞增(AUTO_INCREMENT) `teacher`
--
ALTER TABLE `teacher`
  MODIFY `teacher_sid` int(11) NOT NULL AUTO_INCREMENT COMMENT '老師編號', AUTO_INCREMENT=6;

--
-- 使用資料表自動遞增(AUTO_INCREMENT) `transfer_status`
--
ALTER TABLE `transfer_status`
  MODIFY `transfer_status_sid` int(11) NOT NULL AUTO_INCREMENT COMMENT '轉讓狀態編號', AUTO_INCREMENT=4;

--
-- 使用資料表自動遞增(AUTO_INCREMENT) `type`
--
ALTER TABLE `type`
  MODIFY `type_sid` int(11) NOT NULL AUTO_INCREMENT COMMENT 'sid(PK)類型編號', AUTO_INCREMENT=7;
COMMIT;

/*!40101 SET CHARACTER_SET_CLIENT=@OLD_CHARACTER_SET_CLIENT */;
/*!40101 SET CHARACTER_SET_RESULTS=@OLD_CHARACTER_SET_RESULTS */;
/*!40101 SET COLLATION_CONNECTION=@OLD_COLLATION_CONNECTION */;
